1,Latin /j/ sound,assiduous,assiduous,CORRECT,,0 min. 5 sec.
2,Latin /k/ sound,acuity,accuity,INCORRECT,,0 min. 7 sec.
3,Latin /ah/ sound,obloquy,obloquy,CORRECT,,1 min. 47 sec.
4,Latin /schwa/ sound,tenebrism,tenebrism,CORRECT,,0 min. 3 sec.
5,Latin /schwa/ sound,afflatus,afflatus,CORRECT,,0 min. 5 sec.
6,Latin /yoo/ sound,pusillanimous,pucillanimous,INCORRECT,,0 min. 11 sec.
7,Latin /schwa/ sound,velamen,pelemen,INCORRECT,,0 min. 4 sec.
8,Latin /schwa/ sound,regnum,regnum,CORRECT,,0 min. 5 sec.
9,Latin /j/ sound,sedulous,sedulous,CORRECT,,0 min. 4 sec.
10,Lating /long a/ sound,fatidic,fatidic,CORRECT,,0 min. 4 sec.
11,Latin /k/ sound,calamus,calamus,CORRECT,,0 min. 4 sec.
12,Latin /a/ Sound,decant,decant,CORRECT,,0 min. 5 sec.
13,Latin /ah/ sound,gravitas,gravitas,CORRECT,,0 min. 4 sec.
14,Latin /a/ Sound,defalcation,defalcation,CORRECT,,0 min. 5 sec.
15,Latin /schwa/ sound,magus,megus,INCORRECT,,0 min. 3 sec.
16,Latin /long e/ Sound,anfractuosity,anfractuosity,CORRECT,,5 min. 51 sec.
17,Latin /schwa/ sound,flamen,flehmen,INCORRECT,,0 min. 7 sec.
18,Latin /e/ sound,geniture,geniture,CORRECT,,0 min. 25 sec.
19,Latin /g/ sound,galbanum,galbanum,CORRECT,,0 min. 5 sec.
20,Latin /long e/ Sound,milliary,milliary,CORRECT,,0 min. 4 sec.
21,Latin /schwa/ sound,astarte,astarke,INCORRECT,,0 min. 5 sec.
22,Latin /long o/ sound,quarto,quarto,CORRECT,,0 min. 7 sec.
23,Latin /long o/ sound,factotum,factotum,CORRECT,,0 min. 4 sec.
24,Latin /schwa/ sound,hymeneal,hymeneal,CORRECT,,0 min. 4 sec.
25,Latin /e/ sound,pedicel,pedicel,CORRECT,,0 min. 5 sec.
26,Latin /e/ sound,mensal,mensal,CORRECT,,0 min. 3 sec.
27,Latin /long e/ Sound,rubeola,rubeola,CORRECT,,0 min. 5 sec.
28,Latin /long e/ Sound,bacchae,bacchae,CORRECT,,0 min. 4 sec.
29,Latin /long o/ sound,duodecimo,duodecimo,CORRECT,,0 min. 9 sec.
30,Latin /yoo/ sound,abstruse,abstruse,CORRECT,,0 min. 4 sec.
31,Latin /ah/ sound,argillaceous,argillaceous,CORRECT,,0 min. 9 sec.
32,Latin - /i/ sound,finis,finis,CORRECT,,0 min. 8 sec.
33,Latin /long o/ sound,deponent,deponit,INCORRECT,,0 min. 3 sec.
34,Latin /e/ sound,semelparous,semelparous,CORRECT,,0 min. 6 sec.
35,Latin /schwa/ sound,sequitur,sequitur,CORRECT,,0 min. 3 sec.
36,Latin /long e/ Sound,oleum,olium,INCORRECT,,0 min. 5 sec.
37,Latin /schwa/ sound,flatus,flatus,CORRECT,,0 min. 4 sec.
38,Latin /z/ sound,ecclesiastic,ecclesiastic,CORRECT,,0 min. 5 sec.
39,Latin /schwa/ sound,turgor,tergor,INCORRECT,,0 min. 4 sec.
40,Latin /schwa/ sound,tessera,tessera,CORRECT,,0 min. 5 sec.
41,Latin /schwa/ sound,florentine,florentine,CORRECT,,0 min. 7 sec.
42,Latin /k/ sound,pedicab,pedicab,CORRECT,,0 min. 6 sec.
43,Latin /schwa/ sound,majuscule,majuscule,CORRECT,,0 min. 4 sec.
44,Latin /schwa/ sound,nasturtium,nasturtium,CORRECT,,0 min. 4 sec.
45,Latin /ah/ sound,morion,morion,CORRECT,,0 min. 4 sec.
46,Latin /yoo/ sound,luteous,ludeous,INCORRECT,,0 min. 5 sec.
47,Latin /long e/ Sound,rebus,rebus,CORRECT,,0 min. 5 sec.
48,Latin - /i/ sound,vitta,vitta,CORRECT,,0 min. 4 sec.
49,Latin /schwa/ sound,littoral,literal,INCORRECT,,0 min. 4 sec.
50,Latin /schwa/ sound,uncinate,uncinate,CORRECT,,0 min. 5 sec.
51,Latin /a/ Sound,saturnalia,saturnalia,CORRECT,,0 min. 5 sec.
52,Latin /s/ sound,ciborium,saborium,INCORRECT,,0 min. 5 sec.
53,Latin /yoo/ sound,jejune,jejune,CORRECT,,0 min. 5 sec.
54,Latin /z/ sound,septuagesima,septuagesima,CORRECT,,0 min. 8 sec.
55,Latin /long e/ Sound,diploe,diploe,CORRECT,,0 min. 4 sec.
56,Latin /schwa/ sound,aqueduct,aqueduct,CORRECT,,0 min. 5 sec.
57,Lating /long a/ sound,tabes,tabes,CORRECT,,0 min. 3 sec.
58,Latin /schwa/ sound,daedal,daedle,INCORRECT,,0 min. 7 sec.
59,Latin /a/ Sound,varus,varis,INCORRECT,,0 min. 5 sec.
60,Latin /long o/ sound,minatory,minotaur,INCORRECT,,0 min. 9 sec.
61,Latin /schwa/ sound,verisimilitude,verisimilitude,CORRECT,,5 min. 10 sec.
62,Latin /j/ sound,junoesque,junoesque,CORRECT,,1 min. 19 sec.
63,Latin /s/ sound,laciniate,lacineate,INCORRECT,,0 min. 6 sec.
64,Latin /schwa/ sound,ephebus,ecebus,INCORRECT,,0 min. 8 sec.
65,Latin /schwa/ sound,liquefaction,liquefaction,CORRECT,,0 min. 7 sec.
66,Latin /long e/ Sound,tapetum,tapetum,CORRECT,,0 min. 6 sec.
67,Lating /long a/ sound,favus,favus,CORRECT,,0 min. 7 sec.
68,Latin /schwa/ sound,verbatim,verbatim,CORRECT,,0 min. 4 sec.
69,Latin /gz/ sound,exuviae,exuviae,CORRECT,,0 min. 7 sec.
70,Latin /schwa/ sound,quassia,quasha,INCORRECT,,0 min. 6 sec.
71,Latin /a/ Sound,famulus,famulus,CORRECT,,0 min. 7 sec.
72,Latin /schwa/ sound,amative,amative,CORRECT,,0 min. 5 sec.
73,Latin - /long i/ sound,nisi,nisi,CORRECT,,0 min. 3 sec.
74,Latin /schwa/ sound,ursine,urcine,INCORRECT,,0 min. 5 sec.
75,Latin /gz/ sound,exiguous,exiguous,CORRECT,,0 min. 5 sec.
76,Latin /long e/ Sound,triticale,triticele,INCORRECT,,0 min. 11 sec.
77,Latin - /long i/ sound,hemosiderosis,hemosiderosis,CORRECT,,0 min. 6 sec.
78,Latin /sh/ sound,meretricious,meretricious,CORRECT,,0 min. 8 sec.
79,Latin /long o/ sound,prolix,prolyx,INCORRECT,,0 min. 4 sec.
80,Latin /e/ sound,memoriter,memoriter,CORRECT,,0 min. 8 sec.
81,Latin /schwa/ sound,penetralia,penetralia,CORRECT,,0 min. 4 sec.
82,Latin /long e/ Sound,etesian,etesian,CORRECT,,0 min. 4 sec.
83,Latin /s/ sound,trypanosomiasis,trypanisomiasis,INCORRECT,,0 min. 13 sec.
84,Latin /s/ sound,sulla,sulla,CORRECT,,0 min. 4 sec.
85,Latin /s/ sound,acedia,acedia,CORRECT,,0 min. 4 sec.
86,Latin /schwa/ sound,exsolution,exolution,INCORRECT,,0 min. 10 sec.
87,Latin - /i/ sound,tinea,tinea,CORRECT,,0 min. 5 sec.
88,Latin /au/ sound,augury,augury,CORRECT,,0 min. 5 sec.
89,Latin /schwa/ sound,campanulate,campanulate,CORRECT,,0 min. 5 sec.
90,Latin /f/ sound,facetiae,facetiae,CORRECT,,0 min. 6 sec.
91,Latin /schwa/ sound,anima,anima,CORRECT,,0 min. 4 sec.
92,Latin /long e/ Sound,oread,auread,INCORRECT,,0 min. 6 sec.
93,Latin /schwa/ sound,reticulum,reticulum,CORRECT,,0 min. 4 sec.
94,Latin /z/ sound,zeugma,zeugma,CORRECT,,0 min. 4 sec.
95,Latin /e/ sound,obesogenic,obeisogenic,INCORRECT,,0 min. 5 sec.
96,Latin /k/ sound,cachexia,cachexia,CORRECT,,0 min. 6 sec.
97,Latin /long o/ sound,colonus,colonus,CORRECT,,0 min. 3 sec.
98,Latin /sh/ sound,superficies,superfices,INCORRECT,,1 min. 58 sec.
99,Latin /long e/ Sound,lenis,lanus,INCORRECT,,0 min. 4 sec.
100,Latin /yoo/ sound,exonumia,exeneumia,INCORRECT,,0 min. 5 sec.
101,Lating /long a/ sound,comate,comate,CORRECT,,0 min. 5 sec.
102,Latin /j/ sound,congener,congener,CORRECT,,0 min. 5 sec.
103,Latin /s/ sound,austral,alstral,INCORRECT,,0 min. 5 sec.
104,Latin /schwa/ sound,curricle,pyricle,INCORRECT,,2 min. 41 sec.
105,Latin /long e/ Sound,cleopatra,cleopatra,CORRECT,,0 min. 4 sec.
106,Latin /yoo/ sound,pruinose,pruinose,CORRECT,,0 min. 4 sec.
107,Latin /long e/ Sound,sententia,sententia,CORRECT,,0 min. 12 sec.
108,Latin /j/ sound,sagittarius,sagittarius,CORRECT,,0 min. 5 sec.
109,Latin /schwa/ sound,rubicon,rubicon,CORRECT,,0 min. 4 sec.
110,Latin /schwa/ sound,incunabulum,incunabulum,CORRECT,,0 min. 6 sec.
111,Latin /z/ sound,plausive,plausive,CORRECT,,0 min. 6 sec.
112,Latin /e/ sound,feculent,feculent,CORRECT,,0 min. 4 sec.
113,Latin /schwa/ sound,avifauna,avifauna,CORRECT,,0 min. 7 sec.
114,Lating /long a/ sound,stapes,stapes,CORRECT,,0 min. 5 sec.
115,Latin /ah/ sound,imperator,imperator,CORRECT,,0 min. 4 sec.
116,Latin - /i/ sound,spherule,spherule,CORRECT,,0 min. 5 sec.
117,Latin /g/ sound,gelignite,gelignite,CORRECT,,0 min. 5 sec.
118,Latin - /long i/ sound,arborvitae,arborvitae,CORRECT,,0 min. 24 sec.
119,Latin /long e/ Sound,arboreous,arboreus,INCORRECT,,0 min. 4 sec.
120,Latin /sh/ sound,flagitious,flagicious,INCORRECT,,0 min. 5 sec.
121,Latin /yoo/ sound,alluvion,alluvian,INCORRECT,,0 min. 7 sec.
122,Latin /a/ Sound,palimpsest,palimpcest,INCORRECT,,0 min. 6 sec.
123,Latin /schwa/ sound,diel,dial,INCORRECT,,0 min. 4 sec.
124,Latin /s/ sound,grecize,grecise,INCORRECT,,0 min. 6 sec.
125,Latin /ah/ sound,cartulary,cartulary,CORRECT,,0 min. 6 sec.
126,Latin /k/ sound,curiosa,curiosa,CORRECT,,0 min. 5 sec.
127,Latin /ch/ sound,fructuous,fructuous,CORRECT,,0 min. 3 sec.
128,Latin /a/ Sound,tenaculum,tenaculum,CORRECT,,0 min. 5 sec.
129,Latin /long o/ sound,symposium,symposium,CORRECT,,0 min. 5 sec.
130,Latin /long e/ Sound,internecine,internecine,CORRECT,,0 min. 5 sec.
131,Latin - /long i/ sound,hilum,hylum,INCORRECT,,0 min. 6 sec.
132,Latin /a/ Sound,clathrate,clathrat,INCORRECT,,0 min. 6 sec.
133,Latin /n/ sound,sinciput,sinciput,CORRECT,,0 min. 5 sec.
134,Latin /ks/ sound,moxibustion,moxibustion,CORRECT,,0 min. 6 sec.
135,Latin /s/ sound,ricin,ricen,INCORRECT,,0 min. 3 sec.
136,Latin /ch/ sound,estuary,estuary,CORRECT,,0 min. 3 sec.
137,Latin /a/ Sound,morganatic,morganatic,CORRECT,,0 min. 5 sec.
138,Latin /schwa/ sound,animus,animus,CORRECT,,0 min. 4 sec.
139,Latin /ah/ sound,nosocomial,gnosocomial,INCORRECT,,0 min. 4 sec.
140,Latin /long e/ Sound,theodolite,theodylite,INCORRECT,,0 min. 5 sec.
141,Latin /long e/ Sound,tenebrae,tenebrae,CORRECT,,0 min. 4 sec.
142,Latin /long o/ sound,erose,erose,CORRECT,,0 min. 4 sec.
143,Latin /k/ sound,bacchant,baccant,INCORRECT,,0 min. 4 sec.
144,Latin /schwa/ sound,atticism,attacism,INCORRECT,,0 min. 4 sec.
145,Latin /sh/ sound,perspicacious,perspicacious,CORRECT,,0 min. 6 sec.
146,Lating /long a/ sound,eructation,eructation,CORRECT,,0 min. 4 sec.
147,Latin /kw/ sound,quodlibet,quadlibet,INCORRECT,,0 min. 6 sec.
148,Latin /yuh/ sound,cingulum,singulum,INCORRECT,,0 min. 4 sec.
149,Latin /schwa/ sound,mediant,mediant,CORRECT,,0 min. 7 sec.
150,Latin /schwa/ sound,clepsydra,clepsydra,CORRECT,,0 min. 19 sec.
151,Latin /long e/ Sound,redux,redux,CORRECT,,1 min. 39 sec.
152,Latin /k/ sound,contumely,contumelae,INCORRECT,,0 min. 5 sec.
153,Latin /long e/ Sound,latifundium,latafundium,INCORRECT,,0 min. 5 sec.
154,Latin /g/ sound,gallinaceous,gallinaceous,CORRECT,,0 min. 4 sec.
155,Latin /sh/ sound,torsion,torsion,CORRECT,,0 min. 4 sec.
156,Latin /a/ Sound,galla,gala,INCORRECT,,0 min. 4 sec.
157,Latin /schwa/ sound,prothonotary,prothenotary,INCORRECT,,0 min. 5 sec.
158,Latin /e/ sound,encaustic,incaustic,INCORRECT,,0 min. 5 sec.
159,Latin /z/ sound,miserere,miserere,CORRECT,,0 min. 9 sec.
160,Latin /f/ sound,farrago,virago,INCORRECT,,0 min. 4 sec.
161,Latin /s/ sound,stradivarius,stradivarius,CORRECT,,0 min. 5 sec.
162,Latin /f/ sound,fabian,fabean,INCORRECT,,0 min. 3 sec.
163,Latin /ah/ sound,coxa,coxa,CORRECT,,0 min. 5 sec.
164,Latin /schwa/ sound,floribunda,floribunda,CORRECT,,0 min. 4 sec.
165,Latin /sh/ sound,adventitia,adventitia,CORRECT,,0 min. 5 sec.
166,Latin /ah/ sound,scotic,scotic,CORRECT,,0 min. 4 sec.
167,Latin /k/ sound,peccant,peccant,CORRECT,,0 min. 6 sec.
168,Latin /ah/ sound,nostrum,nostrum,CORRECT,,0 min. 4 sec.
169,Latin /long e/ Sound,uraeus,uraeus,CORRECT,,0 min. 4 sec.
170,Latin /sh/ sound,solstitial,solsticial,INCORRECT,,0 min. 5 sec.
171,Latin /schwa/ sound,gerund,gerund,CORRECT,,0 min. 5 sec.
172,Latin /yoo/ sound,prelusion,prelusion,CORRECT,,0 min. 5 sec.
173,Latin /n/ sound,tinnitus,tinnitus,CORRECT,,0 min. 5 sec.
174,Latin /schwa/ sound,pileus,pileus,CORRECT,,0 min. 6 sec.
175,Latin /kw/ sound,quinquennial,quinquennial,CORRECT,,0 min. 6 sec.
176,Latin /yuh/ sound,ligula,ligula,CORRECT,,0 min. 4 sec.
177,Latin /long o/ sound,fruticose,fruiticose,INCORRECT,,0 min. 7 sec.
178,Latin /schwa/ sound,quasimodo,quasimodo,CORRECT,,0 min. 7 sec.
179,Latin /ah/ sound,sardonyx,sardonyx,CORRECT,,0 min. 5 sec.
180,Latin /long e/ Sound,manubrium,menubrium,INCORRECT,,0 min. 7 sec.
181,Latin /long e/ Sound,ascesis,acesus,INCORRECT,,0 min. 5 sec.
182,Latin /schwa/ sound,pedorthics,pedorthics,CORRECT,,0 min. 6 sec.
183,Latin /schwa/ sound,tegmen,teggman,INCORRECT,,0 min. 6 sec.
184,Latin /long e/ Sound,anglice,anglicae,INCORRECT,,0 min. 4 sec.
185,Latin /schwa/ sound,impetrate,impetrate,CORRECT,,0 min. 8 sec.
186,Latin /g/ sound,renege,renneg,INCORRECT,,0 min. 3 sec.
187,Lating /long a/ sound,vadose,vedos,INCORRECT,,0 min. 4 sec.
188,Latin /s/ sound,querist,querist,CORRECT,,0 min. 3 sec.
189,Latin /long o/ sound,docent,docent,CORRECT,,0 min. 5 sec.
190,Latin /yoo/ sound,unnilpentium,unalpentium,INCORRECT,'unnilpentium' added to tag 'Double Consonants'<br><br>'unnilpentium' added to tag 'Latin /schwa/ sound'<br><br>,2 min. 40 sec.
191,Latin /k/ sound,calcaneus,calcaneus,CORRECT,,0 min. 6 sec.
192,Latin /long e/ Sound,extempore,extempore,CORRECT,,0 min. 3 sec.
193,Latin /sh/ sound,expatiate,expatiate,CORRECT,,0 min. 5 sec.
194,Latin /au/ sound,coriaceous,coriaceous,CORRECT,,0 min. 6 sec.
195,Latin /a/ Sound,caveat,caveat,CORRECT,,0 min. 6 sec.
196,Latin /a/ Sound,vatic,vatic,CORRECT,,0 min. 9 sec.
197,Latin /au/ sound,auscultation,auscultation,CORRECT,,0 min. 4 sec.
198,Lating /long a/ sound,palladium,palladium,CORRECT,,0 min. 4 sec.
199,Latin /yoo/ sound,consuetude,consuetude,CORRECT,,0 min. 5 sec.
200,Latin /schwa/ sound,clangor,clangor,CORRECT,,0 min. 3 sec.
201,Latin /schwa/ sound,caliginous,coligenous,INCORRECT,,0 min. 6 sec.
202,Latin /long o/ sound,nomen,gnomon,INCORRECT,,0 min. 6 sec.
203,Latin /ah/ sound,connate,connate,CORRECT,,0 min. 3 sec.
204,Latin - /long i/ sound,regina,regina,CORRECT,,0 min. 3 sec.
205,Latin /schwa/ sound,sempiternal,sempiturnal,INCORRECT,,0 min. 7 sec.
206,Latin /j/ sound,phrygian,frigean,INCORRECT,,0 min. 6 sec.
207,Latin /ah/ sound,apocrypha,apocrypha,CORRECT,,0 min. 5 sec.
208,Latin /schwa/ sound,colocynth,colacinth,INCORRECT,,0 min. 5 sec.
209,Latin /a/ Sound,panchax,panchax,CORRECT,,0 min. 5 sec.
210,Latin /schwa/ sound,subaltern,subaltern,CORRECT,,0 min. 4 sec.
211,Latin /long o/ sound,encomium,encomium,CORRECT,,0 min. 7 sec.
212,Latin /ks/ sound,pollex,pollex,CORRECT,,0 min. 4 sec.
213,Latin /long e/ Sound,amanita,amanita,CORRECT,,0 min. 12 sec.
214,Latin /yoo/ sound,nuchal,nuchal,CORRECT,,0 min. 4 sec.
215,Latin - /i/ sound,intravitam,intravitam,CORRECT,,0 min. 5 sec.
216,Latin /schwa/ sound,inimical,inimical,CORRECT,,0 min. 4 sec.
217,Latin /ks/ sound,flexure,flexure,CORRECT,,0 min. 4 sec.
218,Latin /long e/ Sound,aporia,aporia,CORRECT,,0 min. 4 sec.
219,Latin /schwa/ sound,stolon,stolon,CORRECT,,0 min. 4 sec.
220,Latin /yoo/ sound,supererogation,supererrogation,INCORRECT,,0 min. 4 sec.
221,Latin /long e/ Sound,ostiole,ostiole,CORRECT,,0 min. 4 sec.
222,Latin - /long i/ sound,lorica,lorica ,INCORRECT,,0 min. 5 sec.
223,Latin /schwa/ sound,cervine,servine,INCORRECT,,0 min. 4 sec.
224,Latin /ah/ sound,lavabo,lavabo,CORRECT,,0 min. 4 sec.
225,Latin /long e/ Sound,mediopassive,mediopassive,CORRECT,,0 min. 6 sec.
226,Latin /e/ sound,gelid,gelid,CORRECT,,0 min. 3 sec.
227,Latin /k/ sound,concha,concha,CORRECT,,0 min. 6 sec.
228,Latin /long e/ Sound,alveolus,alveolus,CORRECT,,0 min. 5 sec.
229,Latin /long e/ Sound,egeria,aegyria,INCORRECT,,0 min. 6 sec.
230,Latin /yuh/ sound,alula,allula,INCORRECT,,0 min. 4 sec.
231,Latin /schwa/ sound,canaliculus,cataliculous,INCORRECT,,0 min. 6 sec.
232,Latin /ah/ sound,manet,manet,CORRECT,,0 min. 4 sec.
233,Latin /s/ sound,sesquipedalian,sesquipedalian,CORRECT,,0 min. 5 sec.
234,Latin /schwa/ sound,synod,synod,CORRECT,,0 min. 4 sec.
235,Latin /s/ sound,circa,circa,CORRECT,,0 min. 3 sec.
236,Latin /schwa/ sound,subtile,subtle,INCORRECT,,0 min. 4 sec.
237,Latin /a/ Sound,adit,addit,INCORRECT,,0 min. 7 sec.
238,Latin /long e/ Sound,pinetum,pinetum,CORRECT,,0 min. 3 sec.
239,Latin /z/ sound,hermes,hermes,CORRECT,,0 min. 13 sec.
240,Latin /sh/ sound,palatial,palatial,CORRECT,,0 min. 4 sec.
241,Latin /a/ Sound,abracadabra,abracadabra,CORRECT,,0 min. 6 sec.
242,Latin /k/ sound,calvary,calvari,INCORRECT,,0 min. 4 sec.
243,Latin /schwa/ sound,lemniscus,lemniscus,CORRECT,,0 min. 5 sec.
244,Latin /schwa/ sound,mantissa,mantissa,CORRECT,,0 min. 4 sec.
245,Latin /schwa/ sound,mammon,mammon,CORRECT,,0 min. 4 sec.
246,Latin /yoo/ sound,cutis,cudis,INCORRECT,,0 min. 4 sec.
247,Latin /gz/ sound,exemplum,exemplum,CORRECT,,0 min. 4 sec.
248,Latin /schwa/ sound,cantillate,cantilate,INCORRECT,,0 min. 7 sec.
249,Latin - /i/ sound,incipit,incipit\,INCORRECT,,0 min. 19 sec.
250,Latin /ah/ sound,serotinal,serotinal,CORRECT,,0 min. 9 sec.
251,Latin /e/ sound,porrect,porrect,CORRECT,,0 min. 5 sec.
252,Latin /schwa/ sound,marchioness,marchioness,CORRECT,,0 min. 4 sec.
253,Latin /schwa/ sound,intussusception,intussusception,CORRECT,,0 min. 5 sec.
254,Latin /j/ sound,argil,argil,CORRECT,,0 min. 6 sec.
255,Latin - /i/ sound,theriac,theriac,CORRECT,,0 min. 3 sec.
256,Latin /ks/ sound,calix,calix,CORRECT,,0 min. 4 sec.
257,Latin /long o/ sound,pinocytosis,pinacytosis,INCORRECT,,0 min. 11 sec.
258,Latin /ah/ sound,escharotic,escharotic,CORRECT,,0 min. 3 sec.
259,Latin /schwa/ sound,nisus,nycus,INCORRECT,,0 min. 7 sec.
260,Latin - /i/ sound,ancilla,ancilla,CORRECT,,0 min. 6 sec.
261,Latin /schwa/ sound,vulgus,vulgus,CORRECT,,0 min. 8 sec.
262,Latin /s/ sound,concinnity,concinity,INCORRECT,,0 min. 11 sec.
263,Latin /long e/ Sound,longanimity,longanimity,CORRECT,,0 min. 6 sec.
264,Latin /k/ sound,delict,derelict,INCORRECT,,0 min. 17 sec.
265,Latin /au/ sound,mores,mores,CORRECT,'mores' added to tag 'Pure'<br><br>,0 min. 16 sec.
266,Latin - /long i/ sound,detritus,detritus,CORRECT,'detritus' added to tag 'Anglicized'<br><br>,0 min. 9 sec.
267,Latin /k/ sound,trochlea,trochlea,CORRECT,'trochlea' added to tag 'Anglicized'<br><br>,0 min. 22 sec.
268,Latin /long o/ sound,florilegium,florilegium,CORRECT,,0 min. 7 sec.
269,Latin /f/ sound,farinaceous,farinaceous,CORRECT,,0 min. 7 sec.
270,Latin /long e/ Sound,grecism,grecism,CORRECT,,0 min. 4 sec.
271,Latin /s/ sound,cento,cento,CORRECT,,0 min. 4 sec.
272,Latin /schwa/ sound,lamina,lamina,CORRECT,,0 min. 5 sec.
273,Latin /s/ sound,sabine,sebean,INCORRECT,,0 min. 5 sec.
274,Latin /ah/ sound,aliquot,aliquot,CORRECT,,0 min. 3 sec.
275,Latin /k/ sound,georgic,georgic,CORRECT,,0 min. 4 sec.
276,Latin /s/ sound,situs,situs,CORRECT,,0 min. 4 sec.
277,Latin /schwa/ sound,dromedary,dromedary,CORRECT,,0 min. 4 sec.
278,Latin /e/ sound,errata,errata,CORRECT,,0 min. 5 sec.
279,Latin - /long i/ sound,coralline,coralline,CORRECT,,0 min. 5 sec.
280,Latin /yoo/ sound,lucullan,vuculline,INCORRECT,,0 min. 6 sec.
281,Latin /long o/ sound,virago,virago,CORRECT,,0 min. 3 sec.
282,Latin /long o/ sound,acrimony,acrimony,CORRECT,,0 min. 5 sec.
283,Latin /long o/ sound,sororal,sororal,CORRECT,,0 min. 4 sec.
284,Latin /long e/ Sound,ceres,series,INCORRECT,,0 min. 4 sec.
285,Latin /z/ sound,miasma,miasma,CORRECT,,0 min. 4 sec.
286,Latin /g/ sound,gulosity,gulosity,CORRECT,,0 min. 4 sec.
287,Latin - /i/ sound,axilla,uxylla,INCORRECT,,0 min. 6 sec.
288,Latin /e/ sound,diadem,diadem,CORRECT,,0 min. 3 sec.
289,Latin /ah/ sound,transpontine,transpontine,CORRECT,,0 min. 5 sec.
290,Latin /schwa/ sound,magistral,magistral,CORRECT,,0 min. 4 sec.
291,Latin /schwa/ sound,almagest,almagest,CORRECT,,0 min. 4 sec.
292,Latin /s/ sound,deglutition,deglutition,CORRECT,,0 min. 6 sec.
293,Latin /yoo/ sound,affusion,effusion,INCORRECT,,0 min. 5 sec.
294,Latin /yuh/ sound,copula,copula,CORRECT,,0 min. 4 sec.
295,Latin - /i/ sound,ibidem,ibidem,CORRECT,,0 min. 4 sec.
296,Latin /long e/ Sound,fimbria,fimbrea,INCORRECT,,0 min. 4 sec.
297,Latin /schwa/ sound,impedimenta,impedimenta,CORRECT,,0 min. 9 sec.
298,Latin /z/ sound,contrapositive,contrapositive,CORRECT,,0 min. 6 sec.
299,Latin /long e/ Sound,defenestration,defenestration,CORRECT,,0 min. 7 sec.
300,Latin /yoo/ sound,elute,elute,CORRECT,,0 min. 4 sec.
301,Latin /schwa/ sound,apparitor,apparitor,CORRECT,,0 min. 5 sec.
302,Latin - /i/ sound,amygdala,amygdala,CORRECT,,0 min. 5 sec.
303,Latin - /long i/ sound,hypocaust,hypocaust,CORRECT,,0 min. 6 sec.
304,Latin /ah/ sound,pontifex,pontifex,CORRECT,,0 min. 6 sec.
305,Latin /long e/ Sound,alterity,alterity,CORRECT,,0 min. 5 sec.
306,Latin - /long i/ sound,dionysian,dionysian,CORRECT,,0 min. 8 sec.
307,Latin - /long i/ sound,prurigo,prurigo,CORRECT,,0 min. 6 sec.
308,Latin /long o/ sound,verso,verso,CORRECT,,0 min. 4 sec.
309,Latin /schwa/ sound,puerile,puerile,CORRECT,,0 min. 5 sec.
310,Latin /a/ Sound,annulus,annulus,CORRECT,,0 min. 5 sec.
311,Latin /ah/ sound,harpy,harpy,CORRECT,,0 min. 6 sec.
312,Latin /z/ sound,desideratum,disideradum,INCORRECT,,0 min. 9 sec.
313,Latin /yoo/ sound,caducous,caducous,CORRECT,,0 min. 4 sec.
314,Latin /ah/ sound,obtund,obtund,CORRECT,,0 min. 4 sec.
315,Latin /schwa/ sound,ultramafic,altramathic,INCORRECT,,0 min. 6 sec.
316,Latin /long o/ sound,torus,torus,CORRECT,,0 min. 6 sec.
317,Lating /long a/ sound,natant,natent,INCORRECT,,0 min. 5 sec.
318,Latin /long e/ Sound,faustian,faustian,CORRECT,,0 min. 5 sec.
319,Latin /schwa/ sound,silva,silva,CORRECT,,0 min. 4 sec.
320,Latin /yuh/ sound,maculation,immaculation,INCORRECT,,0 min. 6 sec.
321,Latin /a/ Sound,naris,naris,CORRECT,,0 min. 3 sec.
322,Latin /sh/ sound,ossuary,ossuary,CORRECT,,0 min. 10 sec.
323,Latin /yoo/ sound,utricle,eutricle,INCORRECT,,0 min. 5 sec.
324,Latin /a/ Sound,sanatorium,sanatorium,CORRECT,,0 min. 5 sec.
325,Latin /schwa/ sound,proscenium,proscenium,CORRECT,,0 min. 4 sec.
326,Latin /long o/ sound,proximo,proximo,CORRECT,,0 min. 3 sec.
327,Latin /s/ sound,septentrional,septentrional,CORRECT,,0 min. 6 sec.
328,Latin /j/ sound,modulo,modulo,CORRECT,,0 min. 4 sec.
329,Lating /long a/ sound,aeneolithic,aeneolithic,CORRECT,,0 min. 4 sec.
330,Latin /schwa/ sound,limen,limen,CORRECT,,0 min. 6 sec.
331,Latin /ch/ sound,capitulum,capitulum,CORRECT,,0 min. 4 sec.
332,Latin /s/ sound,consentaneous,constantaneous,INCORRECT,,0 min. 6 sec.
333,Latin /yuh/ sound,fasciculus,fasciculus,CORRECT,,0 min. 6 sec.
334,Latin - /long i/ sound,palatine,palatine,CORRECT,,0 min. 5 sec.
335,Latin /k/ sound,cachinnate,cachinnate,CORRECT,,0 min. 5 sec.
336,Latin /schwa/ sound,crepitate,crepitate,CORRECT,,0 min. 4 sec.
337,Latin /long e/ Sound,curia,curia,CORRECT,,0 min. 3 sec.
338,Latin /schwa/ sound,usufruct,usufruct,CORRECT,,0 min. 4 sec.
339,Latin /k/ sound,chersonese,percines,INCORRECT,'chersonese' added to tag 'Anglicized'<br><br>,0 min. 17 sec.
340,Lating /long a/ sound,ramet,raymet,INCORRECT,,0 min. 5 sec.
341,Latin /sh/ sound,pertinacious,pertinaceous,INCORRECT,,0 min. 16 sec.
342,Latin /schwa/ sound,officinal,officinal,CORRECT,,0 min. 7 sec.
343,Latin /yoo/ sound,retuse,retuse,CORRECT,,1 min. 39 sec.
344,Latin /long o/ sound,scoria,scoria,CORRECT,,1 min. 36 sec.
345,Latin /long e/ Sound,pace,pace,CORRECT,,0 min. 4 sec.
346,Latin /schwa/ sound,acinus,assinous,INCORRECT,,0 min. 5 sec.
347,Latin /long e/ Sound,extremum,extremum,CORRECT,,0 min. 5 sec.
348,Latin /yoo/ sound,incuse,incuse,CORRECT,,0 min. 3 sec.
349,Latin /ah/ sound,paternoster,paternoster,CORRECT,,0 min. 5 sec.
350,Latin /a/ Sound,ampulla,ampulla,CORRECT,,0 min. 5 sec.
351,Latin /e/ sound,canescent,canescent,CORRECT,,0 min. 7 sec.
352,Latin /schwa/ sound,oblation,oblation,CORRECT,,0 min. 5 sec.
353,Latin /schwa/ sound,fremitus,fremitus,CORRECT,,0 min. 4 sec.
354,Latin /schwa/ sound,spirulina,spirulina,CORRECT,,0 min. 5 sec.
355,Latin - /long i/ sound,theriaca,theriaca,CORRECT,,0 min. 5 sec.
356,Latin /long e/ Sound,plenipotentiary,plenipotentiary,CORRECT,,0 min. 6 sec.
357,Latin /s/ sound,ephemeris,ephemerus,INCORRECT,,0 min. 9 sec.
358,Latin /e/ sound,eluate,elluate,INCORRECT,,0 min. 5 sec.
359,Latin - /i/ sound,byssinosis,byssanosis,INCORRECT,,0 min. 6 sec.
360,Latin /e/ sound,lemures,lemuries,INCORRECT,,0 min. 6 sec.
361,Latin /au/ sound,flores,flores,CORRECT,,0 min. 5 sec.
362,Latin /ah/ sound,archon,archon,CORRECT,,0 min. 4 sec.
363,Latin /k/ sound,calvarium,calvarium,CORRECT,,0 min. 6 sec.
364,Latin /schwa/ sound,teredo,teredo,CORRECT,,0 min. 6 sec.
365,Latin - /i/ sound,cryptosporidiosis,cryptosporidiosis,CORRECT,,0 min. 10 sec.
366,Latin /schwa/ sound,reticle,reticle,CORRECT,,0 min. 5 sec.
367,Latin /schwa/ sound,liripipe,lyripipe,INCORRECT,,0 min. 9 sec.
368,Latin /schwa/ sound,canaan,canaan,CORRECT,,0 min. 4 sec.
369,Latin /yoo/ sound,rufescent,rufescent,CORRECT,,0 min. 8 sec.
370,Latin /ks/ sound,radix,radix,CORRECT,,0 min. 4 sec.
371,Latin /yoo/ sound,prolusion,prolusion,CORRECT,,0 min. 5 sec.
372,Latin - /i/ sound,gingiva,gingiva,CORRECT,,0 min. 3 sec.
373,Latin /ks/ sound,excipient,excipient,CORRECT,,0 min. 5 sec.
374,Latin /schwa/ sound,exoteric,exoteric,CORRECT,,0 min. 4 sec.
375,Latin /long e/ Sound,excreta,excreta,CORRECT,,0 min. 3 sec.
376,Latin /zh/ sound,casuarina,casuarina,CORRECT,,0 min. 5 sec.
377,Latin /schwa/ sound,tergiversation,tergiversation,CORRECT,,0 min. 10 sec.
378,Latin /z/ sound,basophil,basophyll,INCORRECT,,0 min. 6 sec.
379,Latin - /long i/ sound,viaduct,viaduct,CORRECT,,0 min. 6 sec.
380,Latin /schwa/ sound,repetend,repitend,INCORRECT,,0 min. 6 sec.
381,Latin /s/ sound,hendiadys,hendiadys,CORRECT,,0 min. 8 sec.
382,Lating /long a/ sound,lixiviate,lixiviate,CORRECT,,0 min. 6 sec.
383,Latin /s/ sound,halcyon,halcyon,CORRECT,,0 min. 6 sec.
384,Latin /long e/ Sound,effete,effete,CORRECT,,0 min. 5 sec.
385,Latin /schwa/ sound,optative,optative,CORRECT,,0 min. 6 sec.
386,Latin /a/ Sound,amaryllis,amaryllis,CORRECT,,0 min. 5 sec.
387,Latin /sh/ sound,arenaceous,arinaceous,INCORRECT,,0 min. 4 sec.
388,Latin /schwa/ sound,caesarism,caesarism,CORRECT,,0 min. 5 sec.
389,Latin /au/ sound,instauration,instoration,INCORRECT,,0 min. 4 sec.
390,Latin /long e/ Sound,papilionaceous,papilleonaceous,INCORRECT,,0 min. 5 sec.
391,Latin /schwa/ sound,secern,sicern,INCORRECT,,0 min. 5 sec.
392,Latin /schwa/ sound,bursa,bursa,CORRECT,,0 min. 5 sec.
393,Latin /a/ Sound,arenavirus,arenavirus,CORRECT,,1 min. 3 sec.
394,Latin /z/ sound,roseola,roseola,CORRECT,,0 min. 5 sec.
395,Latin /long o/ sound,ventricose,ventricose,CORRECT,,0 min. 4 sec.
396,Latin /k/ sound,bacchanal,bacchanal,CORRECT,,0 min. 4 sec.
397,Latin /e/ sound,millenary,millennary,INCORRECT,,0 min. 5 sec.
398,Latin /e/ sound,ecchymosis,ecchymosis,CORRECT,,0 min. 4 sec.
399,Latin /long e/ Sound,lamia,lamia,CORRECT,,0 min. 6 sec.
400,Latin /k/ sound,pulchritude,pulchritude,CORRECT,,0 min. 4 sec.
401,Latin /schwa/ sound,elision,elysion,INCORRECT,,0 min. 7 sec.
402,Latin /yoo/ sound,jubilate,ubilate,INCORRECT,,0 min. 4 sec.
403,Latin /long e/ Sound,ganglion,ganglion,CORRECT,,0 min. 7 sec.
404,Latin /n/ sound,tangential,tangential,CORRECT,,0 min. 6 sec.
405,Latin /schwa/ sound,amanuensis,amenuensis,INCORRECT,,0 min. 6 sec.
406,Latin /schwa/ sound,aperient,apperient,INCORRECT,,0 min. 5 sec.
407,Latin /s/ sound,barbicel,barbicel,CORRECT,,0 min. 4 sec.
408,Latin /sh/ sound,fiducial,fiducial,CORRECT,,0 min. 5 sec.
409,Latin /long e/ Sound,pyrites,pyrites,CORRECT,,0 min. 5 sec.
410,Latin /yoo/ sound,subulate,subulate,CORRECT,,0 min. 4 sec.
411,Latin /kw/ sound,quaternion,quaternian,INCORRECT,,0 min. 5 sec.
412,Lating /long a/ sound,spadix,spadix,CORRECT,,0 min. 5 sec.
413,Latin /long o/ sound,odium,odium,CORRECT,,0 min. 4 sec.
414,Latin /sh/ sound,avulsion,avulsion,CORRECT,,0 min. 7 sec.
415,Latin /ah/ sound,occident,occident,CORRECT,,0 min. 5 sec.
416,Latin /e/ sound,esculent,aesculent,INCORRECT,,0 min. 6 sec.
417,Latin - /i/ sound,reliquiae,reliquiae,CORRECT,,0 min. 4 sec.
418,Latin /ch/ sound,bestiary,bestiary,CORRECT,,0 min. 4 sec.
419,Lating /long a/ sound,cucullate,cucullate,CORRECT,,0 min. 6 sec.
420,Latin /long o/ sound,orientalia,orientalia,CORRECT,,0 min. 5 sec.
421,Latin /ah/ sound,tacet,tacet,CORRECT,,0 min. 4 sec.
422,Latin - /i/ sound,gerent,gerund,INCORRECT,,0 min. 7 sec.
423,Latin /s/ sound,cicatrix,cicatrix,CORRECT,,0 min. 37 sec.
424,Latin - /i/ sound,examen,examen,CORRECT,,0 min. 6 sec.
425,Latin /e/ sound,murex,murex,CORRECT,,0 min. 4 sec.
426,Latin /schwa/ sound,formicary,formicary,CORRECT,,0 min. 7 sec.
427,Latin /a/ Sound,lazarus,lazarus,CORRECT,,0 min. 5 sec.
428,Latin /schwa/ sound,vibraphone,vibraphone,CORRECT,,0 min. 5 sec.
429,Latin - /i/ sound,hyssop,hyssop,CORRECT,,0 min. 7 sec.
430,Latin /long e/ Sound,evert,evert,CORRECT,,0 min. 3 sec.
431,Latin /e/ sound,sensillum,censillum,INCORRECT,,0 min. 9 sec.
432,Latin /schwa/ sound,candelabrum,candelabrum,CORRECT,,0 min. 4 sec.
433,Latin /a/ Sound,annals,annals,CORRECT,,0 min. 3 sec.
434,Latin /j/ sound,mucilaginous,musellaginous,INCORRECT,,0 min. 14 sec.
435,Latin /f/ sound,deferent,deferent,CORRECT,,0 min. 4 sec.
436,Latin /schwa/ sound,madrepore,madrepore,CORRECT,,0 min. 6 sec.
437,Latin /yuh/ sound,loculus,locculus,INCORRECT,,0 min. 5 sec.
438,Latin /schwa/ sound,sextodecimo,sextodecimo,CORRECT,,0 min. 5 sec.
439,Lating /long a/ sound,buccinator,buccinator,CORRECT,,0 min. 4 sec.
440,Latin /j/ sound,jocund,jocund,CORRECT,,0 min. 4 sec.
441,Latin /schwa/ sound,mulct,mulct,CORRECT,,0 min. 3 sec.
442,Latin /ah/ sound,moxa,moxa,CORRECT,,0 min. 3 sec.
443,Latin /au/ sound,quartan,quarton,INCORRECT,,0 min. 5 sec.
444,Latin /a/ Sound,malleus,malleus,CORRECT,,0 min. 4 sec.
445,Latin /yoo/ sound,pudibund,pudibund,CORRECT,,0 min. 3 sec.
446,Latin /schwa/ sound,rufous,rufus,INCORRECT,,0 min. 4 sec.
447,Latin /long o/ sound,teetotum,teetotum,CORRECT,,0 min. 4 sec.
448,Latin /n/ sound,armorican,armorican,CORRECT,,0 min. 4 sec.
449,Latin /a/ Sound,columbarium,columbarium,CORRECT,,0 min. 6 sec.
450,Latin /schwa/ sound,pappus,pappus,CORRECT,,0 min. 3 sec.
451,Latin /schwa/ sound,martyr,martyr,CORRECT,,0 min. 5 sec.
452,Latin /long o/ sound,cirrhosis,cyrrhosis,INCORRECT,,0 min. 5 sec.
453,Latin /s/ sound,asseverate,asseverate,CORRECT,,0 min. 4 sec.
454,Latin /ah/ sound,octavo,octavo,CORRECT,,0 min. 4 sec.
455,Latin /long e/ Sound,atlantean,atlantean,CORRECT,,0 min. 4 sec.
456,Latin /long o/ sound,dolor,dolor,CORRECT,,0 min. 4 sec.
457,Latin /schwa/ sound,columella,columela,INCORRECT,,0 min. 5 sec.
458,Latin /yoo/ sound,puerperal,puerperal,CORRECT,,0 min. 4 sec.
459,Lating /long a/ sound,levirate,levirate,CORRECT,,0 min. 3 sec.
460,Latin /s/ sound,lassitude,lassitude,CORRECT,,0 min. 17 sec.
461,Latin - /i/ sound,hispid,hispid,CORRECT,,0 min. 3 sec.
462,Latin /s/ sound,ictus,ictus,CORRECT,,0 min. 3 sec.
463,Lating /long a/ sound,levigate,levigate,CORRECT,,0 min. 5 sec.
464,Latin /ks/ sound,nexus,nexus,CORRECT,,0 min. 4 sec.
465,Latin /schwa/ sound,apolune,appaloon,INCORRECT,,0 min. 5 sec.
466,Latin /schwa/ sound,atavism,attavism,INCORRECT,,0 min. 5 sec.
467,Latin /ah/ sound,arbutus,arbutus,CORRECT,,0 min. 4 sec.
468,Latin /long e/ Sound,penates,pinates,INCORRECT,,0 min. 4 sec.
469,Latin /ks/ sound,exeunt,excient,INCORRECT,,0 min. 7 sec.
470,Latin - /i/ sound,gnomic,gnomic,CORRECT,,0 min. 6 sec.
471,Latin /e/ sound,tendinous,tendinous,CORRECT,,0 min. 6 sec.
472,Lating /long a/ sound,naiad,naiad,CORRECT,,0 min. 4 sec.
473,Latin /schwa/ sound,fustigate,fustigate,CORRECT,,0 min. 4 sec.
474,Latin /ah/ sound,collectanea,collectanea,CORRECT,,0 min. 5 sec.
475,Latin /long o/ sound,onium,onium,CORRECT,,0 min. 4 sec.
476,Latin /long e/ Sound,terete,terete,CORRECT,,0 min. 5 sec.
477,Latin - /i/ sound,frisian,frisian,CORRECT,,0 min. 4 sec.
478,Latin /schwa/ sound,epistaxis,epistaxis,CORRECT,,0 min. 5 sec.
479,Latin /long e/ Sound,decennium,decennium,CORRECT,,0 min. 5 sec.
480,Latin /schwa/ sound,ultimo,ultimo,CORRECT,,0 min. 8 sec.
481,Latin /a/ Sound,alveolar,alveolar,CORRECT,,0 min. 5 sec.
482,Lating /long a/ sound,literatim,literatim,CORRECT,,0 min. 4 sec.
483,Latin /a/ Sound,saracen,saricen,INCORRECT,,0 min. 4 sec.
484,Latin /long e/ Sound,catena,catina,INCORRECT,,0 min. 5 sec.
485,Latin /long e/ Sound,mille,mille,CORRECT,,0 min. 4 sec.
486,Latin /ah/ sound,arcanum,arcanum,CORRECT,,0 min. 3 sec.
487,Latin /au/ sound,fauces,fauces,CORRECT,,0 min. 4 sec.
488,Latin /e/ sound,eleemosynary,eleemosynary,CORRECT,,0 min. 4 sec.
489,Latin /schwa/ sound,summa,summa,CORRECT,,0 min. 5 sec.
490,Latin /e/ sound,exsiccate,exsiccate,CORRECT,,0 min. 8 sec.
491,Latin /f/ sound,fastuous,fastuous,CORRECT,,0 min. 4 sec.
492,Latin /k/ sound,buccal,buccal,CORRECT,,0 min. 4 sec.
493,Latin /au/ sound,faldstool,faldstool,CORRECT,,0 min. 6 sec.
494,Latin /ah/ sound,manes,manes,CORRECT,,0 min. 4 sec.
495,Latin /z/ sound,griseofulvin,grizeofulvin,INCORRECT,,0 min. 10 sec.
496,Latin /yoo/ sound,repugn,repugn,CORRECT,,0 min. 4 sec.
497,Latin /schwa/ sound,laudanum,laudanum,CORRECT,,0 min. 8 sec.
498,Latin /schwa/ sound,stirp,stirp,CORRECT,,0 min. 4 sec.
499,Latin /yuh/ sound,trabecula,trabecula,CORRECT,,0 min. 4 sec.
500,Latin /schwa/ sound,jura,jura,CORRECT,,0 min. 4 sec.
501,Latin /long e/ Sound,rete,rete,CORRECT,,0 min. 3 sec.
502,Latin /yoo/ sound,curule,curule,CORRECT,,0 min. 4 sec.
503,Latin /z/ sound,menstruum,menstruum,CORRECT,,0 min. 5 sec.
504,Latin /ks/ sound,hallux,hallux,CORRECT,,0 min. 4 sec.
505,Lating /long a/ sound,collation,collation,CORRECT,,0 min. 4 sec.
506,Latin /schwa/ sound,arista,arista,CORRECT,,0 min. 6 sec.
507,Latin /s/ sound,supersedeas,supercedious,INCORRECT,,0 min. 6 sec.
508,Latin /a/ Sound,ambulacrum,ambulacrum,CORRECT,,0 min. 6 sec.
509,Latin /schwa/ sound,academe,academe,CORRECT,,0 min. 3 sec.
510,Latin /long e/ Sound,amity,amity,CORRECT,,0 min. 6 sec.
511,Latin /long e/ Sound,aureate,aureate,CORRECT,,0 min. 4 sec.
512,Latin /long o/ sound,hecatomb,hecatomb,CORRECT,,0 min. 4 sec.
513,Latin /k/ sound,vaccinia,vaccinea,INCORRECT,,0 min. 7 sec.
514,Latin /a/ Sound,lares,lares,CORRECT,,0 min. 4 sec.
515,Latin /yoo/ sound,rumen,rumen,CORRECT,,0 min. 5 sec.
516,Latin /s/ sound,semiosis,semiosis,CORRECT,,0 min. 5 sec.
517,Latin /schwa/ sound,fulvous,fulvous,CORRECT,,0 min. 5 sec.
518,Latin /ah/ sound,peccavi,peccavi,CORRECT,,0 min. 3 sec.
519,Latin /schwa/ sound,pomatum,pomatim,INCORRECT,,0 min. 4 sec.
520,Latin /schwa/ sound,calefactory,calefactory,CORRECT,,0 min. 6 sec.
521,Latin /schwa/ sound,excursus,excursus,CORRECT,,0 min. 26 sec.
522,Latin /yuh/ sound,vallecula,ballecula,INCORRECT,,0 min. 7 sec.
523,Latin - /long i/ sound,pierian,pierian,CORRECT,,0 min. 3 sec.
524,Latin /long o/ sound,uxorious,uxorious,CORRECT,,0 min. 4 sec.
525,Latin /au/ sound,scorpaenid,scorpaenid,CORRECT,,0 min. 5 sec.
526,Latin /f/ sound,fulguration,fulguration,CORRECT,,0 min. 4 sec.
527,Latin /long e/ Sound,emersed,emersed,CORRECT,,0 min. 5 sec.
528,Latin /e/ sound,interpellate,interpellate,CORRECT,,0 min. 7 sec.
529,Latin /sh/ sound,fugacious,fugacious,CORRECT,,0 min. 4 sec.
530,Latin /yoo/ sound,bilirubin,biliruben,INCORRECT,,0 min. 4 sec.
531,Latin /long o/ sound,albedo,albedo,CORRECT,,0 min. 4 sec.
532,Latin /s/ sound,discalced,discalced,CORRECT,,0 min. 7 sec.
533,Latin /schwa/ sound,dominical,diminicle,INCORRECT,,0 min. 6 sec.
534,Latin /schwa/ sound,panacea,panacea,CORRECT,,0 min. 4 sec.
535,Latin /schwa/ sound,urticaria,urticaria,CORRECT,,0 min. 15 sec.
536,Latin /schwa/ sound,bursar,bursar,CORRECT,,0 min. 7 sec.
537,Latin /k/ sound,arcadia,arcadia,CORRECT,,0 min. 4 sec.
538,Latin - /long i/ sound,viaticum,viaticum,CORRECT,,0 min. 5 sec.
539,Latin /e/ sound,variorum,variorum,CORRECT,,0 min. 5 sec.
540,Latin /schwa/ sound,occiput,occiput,CORRECT,,0 min. 4 sec.
541,Latin /schwa/ sound,extravasate,extravosate,INCORRECT,,0 min. 6 sec.
542,Latin /z/ sound,byzantine,byzantine,CORRECT,,0 min. 5 sec.
543,Latin /ah/ sound,torticollis,torticollis,CORRECT,,0 min. 4 sec.
544,Latin /schwa/ sound,planetesimal,planetesimal,CORRECT,,0 min. 18 sec.
545,Latin /schwa/ sound,virga,virga,CORRECT,,0 min. 3 sec.
546,Latin /a/ Sound,avocation,avocation,CORRECT,,0 min. 4 sec.
547,Latin /s/ sound,vicissitude,vicissitude,CORRECT,,0 min. 4 sec.
548,Latin /long e/ Sound,carious,carious,CORRECT,,0 min. 7 sec.
549,Latin - /i/ sound,altricial,altricial,CORRECT,,0 min. 6 sec.
550,Latin - /i/ sound,imprimatur,imprimatur,CORRECT,,0 min. 5 sec.
551,Latin /f/ sound,fraxinella,fraxinella,CORRECT,,0 min. 7 sec.
552,Latin /n/ sound,gnomon,gnomon,CORRECT,,0 min. 4 sec.
553,Latin /k/ sound,lachrymose,lachrymose,CORRECT,,0 min. 5 sec.
554,Latin /schwa/ sound,astragal,astragal,CORRECT,,0 min. 5 sec.
555,Latin - /long i/ sound,redivivus,redivivus,CORRECT,,0 min. 4 sec.
556,Latin - /i/ sound,collyrium,colirium,INCORRECT,,0 min. 11 sec.
557,Lating /long a/ sound,elegit,elegit,CORRECT,,0 min. 4 sec.
558,Latin /long e/ Sound,aesculapian,aesculapian,CORRECT,,0 min. 6 sec.
559,Latin /schwa/ sound,villiform,villiform,CORRECT,,0 min. 8 sec.
560,Latin /ah/ sound,ostium,ostium,CORRECT,,0 min. 4 sec.
561,Latin /g/ sound,gutta,gutta,CORRECT,,0 min. 4 sec.
562,Latin /j/ sound,jactitation,jactitation,CORRECT,,0 min. 7 sec.
563,Latin /j/ sound,plasmagel,plasmogel,INCORRECT,,0 min. 5 sec.
564,Lating /long a/ sound,hamate,hamate,CORRECT,,0 min. 9 sec.
565,Latin /schwa/ sound,assurgent,assurgent,CORRECT,,0 min. 5 sec.
566,Latin /sh/ sound,mensuration,mensuration,CORRECT,,0 min. 8 sec.
567,Latin /long e/ Sound,psalterium,psalterium,CORRECT,,0 min. 6 sec.
568,Latin /yoo/ sound,putamen,putamen,CORRECT,,0 min. 9 sec.
569,Latin /kw/ sound,quidnunc,quidnunc,CORRECT,,0 min. 3 sec.
570,Latin /e/ sound,peplum,peplum,CORRECT,,0 min. 4 sec.
571,Latin /s/ sound,abscess,abscess,CORRECT,,0 min. 5 sec.
572,Latin /n/ sound,pindaric,pinderic,INCORRECT,,0 min. 5 sec.
573,Latin /f/ sound,tophus,tofus,INCORRECT,,0 min. 8 sec.
574,Latin /ch/ sound,descension,dissension,INCORRECT,,6 min. 53 sec.
575,Latin /long e/ Sound,cathedra,cathedra,CORRECT,,0 min. 21 sec.
576,Latin /j/ sound,cogito,cogito,CORRECT,,0 min. 13 sec.
577,Latin /long e/ Sound,quotidian,quotidian,CORRECT,,0 min. 6 sec.
578,Latin /schwa/ sound,avellan,avellan,CORRECT,,0 min. 35 sec.
579,Latin /s/ sound,coalesce,coalesce,CORRECT,,0 min. 4 sec.
580,Latin /n/ sound,quattuordecillion,quatowordicilian,INCORRECT,,0 min. 14 sec.
581,Latin /schwa/ sound,juvenilia,juvenilia,CORRECT,,2 min. 11 sec.
582,Lating /long a/ sound,fecit,fecit,CORRECT,,0 min. 5 sec.
583,Latin /e/ sound,ergo,ergo,CORRECT,,0 min. 4 sec.
584,Latin /k/ sound,corrigendum,corrigendum,CORRECT,,0 min. 3 sec.
585,Latin /a/ Sound,perissodactyl,perissodactyl,CORRECT,,0 min. 5 sec.
586,Latin /long e/ Sound,milium,millium,INCORRECT,,0 min. 4 sec.
587,Latin /ch/ sound,tonsure,tonsure,CORRECT,,0 min. 6 sec.
588,Latin /f/ sound,fucoid,fucoid,CORRECT,,0 min. 3 sec.
589,Latin /ah/ sound,profligate,profligate,CORRECT,,0 min. 4 sec.
590,Latin /j/ sound,jovian,jovion,INCORRECT,,0 min. 5 sec.
591,Latin /schwa/ sound,ululate,ululate,CORRECT,,0 min. 4 sec.
592,Latin /sh/ sound,unconscionable,unconscionable,CORRECT,,0 min. 6 sec.
593,Latin /schwa/ sound,tympanum,tympanum,CORRECT,,0 min. 4 sec.
594,Latin /schwa/ sound,avulse,avulse,CORRECT,,0 min. 3 sec.
595,Latin /s/ sound,varicella,varicella,CORRECT,,0 min. 4 sec.
596,Latin /e/ sound,encaenia,encaenia,CORRECT,,0 min. 4 sec.
597,Latin /yuh/ sound,coagulum,coagulum,CORRECT,,0 min. 3 sec.
598,Latin /schwa/ sound,subfusc,subfusc,CORRECT,,0 min. 6 sec.
599,Latin /long e/ Sound,hypaethral,hypaethral,CORRECT,,0 min. 4 sec.
600,Latin - /long i/ sound,iontophoresis,iontophoresis,CORRECT,,0 min. 4 sec.
601,Latin /long e/ Sound,tympanites,tympanites,CORRECT,,0 min. 4 sec.
602,Latin /sh/ sound,facies,faceties,INCORRECT,,0 min. 12 sec.
603,Latin - /i/ sound,mydriasis,midriasis,INCORRECT,,0 min. 4 sec.
604,Latin /long e/ Sound,facsimile,facsimilie,INCORRECT,,0 min. 4 sec.
605,Latin /n/ sound,nyctalopia,nyctalopia,CORRECT,,0 min. 3 sec.
606,Latin /j/ sound,congeries,congeries,CORRECT,,0 min. 5 sec.
607,Latin - /i/ sound,bilharziasis,bilharziasis,CORRECT,,0 min. 4 sec.
608,Latin /ah/ sound,opsonin,opsonin,CORRECT,,0 min. 4 sec.
609,Lating /long a/ sound,gravamen,gravemen,INCORRECT,,0 min. 3 sec.
610,Latin /z/ sound,asperges,aspurgies,INCORRECT,,0 min. 6 sec.
611,Latin /schwa/ sound,acerb,aserb,INCORRECT,,0 min. 9 sec.
612,Latin /yuh/ sound,pabulum,pabulum,CORRECT,,0 min. 3 sec.
613,Latin /ah/ sound,solecism,solecism,CORRECT,,0 min. 5 sec.
614,Latin /s/ sound,pyxis,pyxis,CORRECT,,0 min. 3 sec.
615,Latin /long e/ Sound,pallium,pallium,CORRECT,,0 min. 4 sec.
616,Latin /schwa/ sound,agger,agger,CORRECT,,0 min. 4 sec.
617,Latin /s/ sound,dace,dace,CORRECT,,0 min. 5 sec.
618,Latin /kw/ sound,quincunx,quincunx,CORRECT,,0 min. 3 sec.
619,Latin /a/ Sound,labarum,labarum,CORRECT,,0 min. 5 sec.
620,Latin /k/ sound,sacculated,sacculated,CORRECT,,0 min. 6 sec.
621,Latin /schwa/ sound,humectant,humectant,CORRECT,,0 min. 4 sec.
622,Latin /schwa/ sound,dissepiment,dissepiment,CORRECT,,0 min. 5 sec.
623,Lating /long a/ sound,aleatory,alleatory,INCORRECT,,2 min. 12 sec.
624,Latin /schwa/ sound,cinereous,sinerious,INCORRECT,,0 min. 8 sec.
625,Latin /schwa/ sound,ruderal,rutoral,INCORRECT,,0 min. 4 sec.
626,Latin /k/ sound,acclivity,acclivity,CORRECT,,0 min. 6 sec.
627,Latin - /i/ sound,vim,vim,CORRECT,,0 min. 3 sec.
628,Latin - /i/ sound,ignominy,ignominy,CORRECT,,0 min. 3 sec.
629,Latin /a/ Sound,animadversion,animadversion,CORRECT,,0 min. 5 sec.
630,Latin /schwa/ sound,scabious,scabeous,INCORRECT,,0 min. 3 sec.
631,Latin /k/ sound,clavichord,clavichord,CORRECT,,0 min. 25 sec.
632,Latin /z/ sound,zoonosis,zoonosis,CORRECT,,0 min. 3 sec.
633,Latin /long e/ Sound,cymatium,cymatium,CORRECT,,0 min. 10 sec.
634,Latin /s/ sound,adscititious,adscititious,CORRECT,,0 min. 11 sec.
635,Latin /au/ sound,caudex,caudex,CORRECT,,0 min. 3 sec.
636,Latin /sh/ sound,veracious,veracious,CORRECT,,0 min. 6 sec.
637,Latin /ah/ sound,concupiscence,concupiscence,CORRECT,,0 min. 5 sec.
638,Latin /s/ sound,fasciitis,fasciitis,CORRECT,,0 min. 5 sec.
639,Latin - /long i/ sound,idem,idem,CORRECT,,0 min. 4 sec.
640,Latin /schwa/ sound,stridor,striter,INCORRECT,,0 min. 5 sec.
641,Latin /s/ sound,smectic,smectic,CORRECT,,0 min. 4 sec.
642,Latin /e/ sound,erysipelas,erysipelas,CORRECT,,0 min. 4 sec.
643,Latin /a/ Sound,acriflavine,acriflavine,CORRECT,,0 min. 4 sec.
644,Latin /long e/ Sound,dele,dele,CORRECT,,0 min. 3 sec.
645,Latin /k/ sound,baccalaureate,baccalaureate,CORRECT,,0 min. 5 sec.
646,Latin /schwa/ sound,extirpate,extirpate,CORRECT,,0 min. 45 sec.
647,Latin /schwa/ sound,remora,remora,CORRECT,,0 min. 6 sec.
648,Latin /long e/ Sound,prevenient,prevenient,CORRECT,,0 min. 3 sec.
649,Latin /yuh/ sound,funiculus,funiculus,CORRECT,,0 min. 4 sec.
650,Lating /long a/ sound,squama,squama,CORRECT,,0 min. 3 sec.
651,Latin - /i/ sound,sederunt,sederunt,CORRECT,,0 min. 6 sec.
652,Latin - /i/ sound,excelsior,excelsior,CORRECT,,0 min. 4 sec.
653,Latin /e/ sound,cenotaph,cenotaph,CORRECT,,0 min. 4 sec.
654,Latin - /long i/ sound,coryza,coryxa,INCORRECT,,0 min. 4 sec.
655,Latin /schwa/ sound,tantalus,tantalus,CORRECT,,0 min. 4 sec.
656,Latin /e/ sound,mimetic,mimetic,CORRECT,,0 min. 3 sec.
657,Latin /gz/ sound,exanthem,exanthem,CORRECT,,0 min. 3 sec.
658,Latin /schwa/ sound,mediastinum,mediastinum,CORRECT,,0 min. 6 sec.
659,Latin /schwa/ sound,hamadryad,hamadryad,CORRECT,,0 min. 4 sec.
660,Lating /long a/ sound,labret,lebret,INCORRECT,,0 min. 8 sec.
661,Latin /kw/ sound,quale,qually,INCORRECT,,0 min. 7 sec.
662,Latin /f/ sound,fasces,fasces,CORRECT,,0 min. 4 sec.
663,Latin /long e/ Sound,antaean,antaean,CORRECT,,0 min. 29 sec.
664,Latin /schwa/ sound,bulla,bulla,CORRECT,,0 min. 4 sec.
665,Latin /e/ sound,sequela,sequela,CORRECT,,0 min. 3 sec.
666,Latin /kw/ sound,quondam,quandum,INCORRECT,,0 min. 4 sec.
667,Latin /schwa/ sound,pulvinus,pulvenis,INCORRECT,,0 min. 5 sec.
668,Lating /long a/ sound,insufflation,insufflation,CORRECT,,0 min. 4 sec.
669,Latin /schwa/ sound,stertor,stertor,CORRECT,,0 min. 3 sec.
670,Latin /s/ sound,grossularite,grosularite,INCORRECT,,0 min. 8 sec.
671,Latin /long o/ sound,trophallaxis,trophallaxis,CORRECT,,0 min. 4 sec.
672,Latin /long e/ Sound,patagium,potagium,INCORRECT,,0 min. 3 sec.
673,Latin /sh/ sound,nescience,nescience,CORRECT,,0 min. 4 sec.
674,Latin /au/ sound,naumachia,naumachia,CORRECT,,0 min. 3 sec.
675,Latin /ah/ sound,incondite,incondite,CORRECT,,0 min. 3 sec.
676,Latin /schwa/ sound,maniple,manuple,INCORRECT,,0 min. 3 sec.
677,Latin /s/ sound,meatus,miatus,INCORRECT,,0 min. 5 sec.
678,Latin /yoo/ sound,scutellate,scutellate,CORRECT,,0 min. 4 sec.
679,Latin /schwa/ sound,cavil,cavil,CORRECT,,0 min. 3 sec.
680,Latin /e/ sound,epistoler,epistolar,INCORRECT,,0 min. 3 sec.
681,Latin /long e/ Sound,varia,varia,CORRECT,,0 min. 2 sec.
682,Lating /long a/ sound,materfamilias,materfamilias,CORRECT,,0 min. 4 sec.
683,Latin /s/ sound,caducity,caducity,CORRECT,,0 min. 4 sec.
684,Latin /schwa/ sound,plutonian,plutonium,INCORRECT,,0 min. 3 sec.
685,Latin /schwa/ sound,paraphernalia,paraphernalia,CORRECT,,0 min. 3 sec.
686,Latin /schwa/ sound,pellitory,pellitory,CORRECT,,0 min. 5 sec.
687,Latin /schwa/ sound,lenticel,lenticel,CORRECT,,0 min. 4 sec.
688,Lating /long a/ sound,omasum,omasum,CORRECT,,0 min. 5 sec.
689,Latin /long o/ sound,flavedo,flavedo,CORRECT,,0 min. 9 sec.
690,Latin /schwa/ sound,cern,sern,INCORRECT,,0 min. 8 sec.
691,Latin /s/ sound,fascicle,fascicle,CORRECT,,0 min. 5 sec.
692,Latin - /long i/ sound,leishmaniasis,leishmaniasis,CORRECT,,0 min. 5 sec.
693,Latin /sh/ sound,reliction,reliction,CORRECT,,0 min. 4 sec.
694,Latin /schwa/ sound,pruritus,pruritus,CORRECT,,0 min. 3 sec.
695,Latin /ah/ sound,vomitory,vomitory,CORRECT,,0 min. 3 sec.
696,Latin /e/ sound,epistolary,epistolary,CORRECT,,0 min. 4 sec.
697,Latin /ch/ sound,fatuous,fatuous,CORRECT,,0 min. 3 sec.
698,Latin /ah/ sound,armamentarium,armamentarium,CORRECT,,0 min. 4 sec.
699,Latin /schwa/ sound,satyr,satyr,CORRECT,,0 min. 4 sec.
700,Latin /schwa/ sound,lacustrine,lacustrine,CORRECT,,0 min. 3 sec.
701,Latin /a/ Sound,anacreontic,anacreontic,CORRECT,,0 min. 4 sec.
702,Latin /ks/ sound,exordium,exhortium,INCORRECT,,0 min. 44 sec.
703,Latin /e/ sound,medulla,medula,INCORRECT,,0 min. 5 sec.
704,Latin /schwa/ sound,assuasive,assuasive,CORRECT,,0 min. 3 sec.
705,Latin /long o/ sound,shigellosis,shigellosis,CORRECT,,0 min. 5 sec.
706,Latin - /long i/ sound,carina,carina,CORRECT,,0 min. 4 sec.
707,Latin /schwa/ sound,terminus,terminus,CORRECT,,0 min. 3 sec.
708,Latin /j/ sound,stridulous,stridulous,CORRECT,,0 min. 6 sec.
709,Lating /long a/ sound,seriatim,seriatim,CORRECT,,0 min. 3 sec.
710,Latin /a/ Sound,ambrosia,ambrosia,CORRECT,,0 min. 4 sec.
711,Latin /schwa/ sound,areola,hariola,INCORRECT,,0 min. 4 sec.
712,Latin /s/ sound,supersedure,supercedure,INCORRECT,,0 min. 6 sec.
713,Latin /s/ sound,miscellanea,miscellanea,CORRECT,,0 min. 4 sec.
714,Latin /ah/ sound,costa,costa,CORRECT,,0 min. 3 sec.
715,Latin /s/ sound,susurrus,susurrus,CORRECT,,0 min. 5 sec.
716,Latin /long e/ Sound,meliorism,meliorism,CORRECT,,0 min. 4 sec.
717,Latin /schwa/ sound,lucifer,lucifer,CORRECT,,0 min. 3 sec.
718,Latin /schwa/ sound,purpura,purpura,CORRECT,,0 min. 3 sec.
719,Latin /schwa/ sound,ferity,ferity,CORRECT,,0 min. 4 sec.
720,Latin /s/ sound,pertussis,pertussis,CORRECT,,0 min. 4 sec.
721,Latin /n/ sound,tarantism,tarentism,INCORRECT,,0 min. 6 sec.
722,Latin /schwa/ sound,circinate,circinate,CORRECT,,0 min. 7 sec.
723,Latin /g/ sound,ganymede,ganymede,CORRECT,,0 min. 3 sec.
724,Latin /j/ sound,gyrus,gyrus,CORRECT,,0 min. 3 sec.
725,Latin /yoo/ sound,numen,neumon,INCORRECT,,0 min. 7 sec.
726,Latin /k/ sound,cunctation,conchation,INCORRECT,,0 min. 5 sec.
727,Latin /long e/ Sound,pallidotomy,pallidotomy,CORRECT,,0 min. 7 sec.
728,Latin /schwa/ sound,lustrum,lustrum,CORRECT,,0 min. 4 sec.
729,Latin /long e/ Sound,realia,realia,CORRECT,,0 min. 3 sec.
730,Latin /a/ Sound,cantus,cantus,CORRECT,,0 min. 4 sec.
731,Latin /g/ sound,ignimbrite,ignumbrite,INCORRECT,,0 min. 3 sec.
732,Latin /sh/ sound,horripilation,horripilation,CORRECT,,0 min. 4 sec.
733,Latin - /i/ sound,infra,infra,CORRECT,,0 min. 3 sec.
734,Latin /long o/ sound,saltatory,sultatory,INCORRECT,,0 min. 4 sec.
735,Latin /schwa/ sound,lunisolar,lunisolar,CORRECT,,0 min. 4 sec.
736,Latin /schwa/ sound,meridional,meridional,CORRECT,,0 min. 6 sec.
737,Latin /schwa/ sound,commination,commination,CORRECT,,0 min. 21 sec.
738,Latin /a/ Sound,ambit,ambit,CORRECT,,0 min. 4 sec.
739,Latin /sh/ sound,alopecia,alopecia,CORRECT,,0 min. 3 sec.
740,Latin /schwa/ sound,alacrity,alacrity,CORRECT,,0 min. 3 sec.
741,Latin /e/ sound,cerement,cerement,CORRECT,,0 min. 5 sec.
742,Latin /yoo/ sound,fumitory,fumitory,CORRECT,,0 min. 8 sec.
743,Latin /schwa/ sound,intima,intima,CORRECT,,0 min. 3 sec.
744,Latin /ks/ sound,fluxion,fluction,INCORRECT,,0 min. 6 sec.
745,Latin /j/ sound,jejunum,jejunum,CORRECT,,0 min. 3 sec.
746,Latin /long e/ Sound,scalare,scholare,INCORRECT,,0 min. 4 sec.
747,Latin /schwa/ sound,tertian,tertian,CORRECT,,0 min. 4 sec.
748,Latin /long e/ Sound,plenary,plenary,CORRECT,,0 min. 3 sec.
749,Latin /a/ Sound,acetabulum,acetabulum,CORRECT,,0 min. 5 sec.
750,Latin - /i/ sound,infinitesimal,infinitesimal,CORRECT,,0 min. 4 sec.
751,Latin /s/ sound,ossicle,ossicle,CORRECT,,0 min. 11 sec.
752,Latin /zh/ sound,casuistry,casuistry,CORRECT,,0 min. 5 sec.
753,Latin /ah/ sound,hebdomadal,hebdomadal,CORRECT,,0 min. 4 sec.
754,Latin /s/ sound,sandarac,sandarac,CORRECT,,0 min. 8 sec.
755,Latin - /i/ sound,inguinal,inguinal,CORRECT,,0 min. 4 sec.
756,Latin - /i/ sound,sylph,sylph,CORRECT,,0 min. 4 sec.
757,Latin /schwa/ sound,mithridate,mithridate,CORRECT,,0 min. 8 sec.
