1,-ology words,horologist,horologist,CORRECT,,3 min. 25 sec.
2,gk. chlor (green),chlorosis,chlorosis,CORRECT,,0 min. 4 sec.
3,/gh/ italian sound (silent h mishap),spaghetti,spaghetti,CORRECT,,0 min. 9 sec.
4,silly mistakes,vermiculate,vermiculate,CORRECT,,0 min. 16 sec.
5,latin di - 2,dichondra,daichondra,INCORRECT,,0 min. 6 sec.
6,?sound confusion? - /t/->:d:,meddlesome,meddlesome,CORRECT,,0 min. 10 sec.
7,schwa troubles - latin a,gramineous,gramineous,CORRECT,,0 min. 4 sec.
8,SCOTTISH WORDS,haggis,haggis,CORRECT,,0 min. 6 sec.
9,schwa troubles - med. latin e,numinous,numenous,INCORRECT,,0 min. 6 sec.
10,/p/ is :ph:,naphtha,naphtha,CORRECT,,4 min. 51 sec.
11,Latin \ah\ sound,moxa,moxa,CORRECT,,1 min. 28 sec.
12,Latin,excursus,excursus,CORRECT,,0 min. 4 sec.
13,Latin \a\ Sound,decant,decant,CORRECT,,0 min. 4 sec.
14,Latin \long a\ sound,fabian,fabian,CORRECT,,0 min. 4 sec.
15,Latin \e\ sound,esculent,esculent,CORRECT,,0 min. 4 sec.
16,Latin \long e\ Sound,milium,millium,INCORRECT,,0 min. 4 sec.
17,Latin \schwa i\ sound,faldstool,faldstool,CORRECT,,0 min. 5 sec.
18,Untagged,pristine,pristine,CORRECT,,0 min. 3 sec.
19,silly mistakes,purim,corymb,INCORRECT,,0 min. 4 sec.
20,schwa troubles - med. latin e,tenaculum,tenaculum,CORRECT,,0 min. 4 sec.
21,Latin \ah\ sound,cartulary,cartulary,CORRECT,,0 min. 3 sec.
22,Latin,tapetum,tapetum,CORRECT,,0 min. 4 sec.
23,Latin \a\ Sound,animadversion,animadversion,CORRECT,,0 min. 4 sec.
24,Latin \long a\ sound,fecit,ficket,INCORRECT,,0 min. 6 sec.
25,Latin \e\ sound,medulla,medulla,CORRECT,,0 min. 3 sec.
26,Latin \long e\ Sound,extremum,extremum,CORRECT,,0 min. 5 sec.
27,Latin \schwa i\ sound,fauces,fauces,CORRECT,,0 min. 3 sec.
28,Untagged,teleological,teleological,CORRECT,,0 min. 5 sec.
29,silly mistakes,mach,mach,CORRECT,,0 min. 3 sec.
30,Latin \ah\ sound,incondite,incondit,INCORRECT,,0 min. 6 sec.
31,Latin,anglice,anglicae,INCORRECT,,0 min. 5 sec.
32,Latin \a\ Sound,saracen,ceracin,INCORRECT,,0 min. 5 sec.
33,Latin \long a\ sound,buccinator,buccinator,CORRECT,,0 min. 5 sec.
34,Latin \e\ sound,epistoler,epistolar,INCORRECT,,0 min. 4 sec.
35,Latin \long e\ Sound,penates,pinates,INCORRECT,,0 min. 4 sec.
36,Latin \schwa i\ sound,scorpaenid,scorpaenid,CORRECT,,0 min. 4 sec.
37,Untagged,anchovy,anchovy,CORRECT,,0 min. 5 sec.
38,silly mistakes,foreland,foreland,CORRECT,,0 min. 4 sec.
39,Latin \ah\ sound,hebdomadal,hebdomadal,CORRECT,,0 min. 5 sec.
40,Latin,porrect,porrect,CORRECT,,0 min. 5 sec.
41,Latin \a\ Sound,defalcation,vivalcation,INCORRECT,,0 min. 5 sec.
42,Latin \long a\ sound,literatim,literatim,CORRECT,,0 min. 5 sec.
43,Latin \e\ sound,lemures,lemures,CORRECT,,0 min. 4 sec.
44,Latin \long e\ Sound,rete,rete,CORRECT,,0 min. 4 sec.
45,Latin \schwa i\ sound,coriaceous,coriaceous,CORRECT,,0 min. 4 sec.
46,Untagged,illumination,elimination,INCORRECT,,0 min. 23 sec.
47,silly mistakes,inorganic,inorganic,CORRECT,,0 min. 5 sec.
48,Latin \ah\ sound,escharotic,escharotic,CORRECT,,0 min. 4 sec.
49,Latin,tessera,tessera,CORRECT,,0 min. 4 sec.
50,Latin \a\ Sound,maniple,manuple,INCORRECT,,0 min. 4 sec.
51,Latin \long a\ sound,spadix,spadix,CORRECT,,0 min. 5 sec.
52,Latin \e\ sound,errata,errata,CORRECT,,0 min. 4 sec.
53,Latin \long e\ Sound,aporia,aporrhea,INCORRECT,,0 min. 4 sec.
54,Latin \schwa i\ sound,auscultation,oscultation,INCORRECT,,0 min. 3 sec.
55,Untagged,mitochondrion,mitochondrion,CORRECT,,0 min. 5 sec.
56,silly mistakes,revelatory,revellatory,INCORRECT,,0 min. 4 sec.
57,Latin \ah\ sound,sardonyx,sardonyx,CORRECT,,0 min. 5 sec.
58,Latin,anfractuosity,enfractuosity,INCORRECT,,0 min. 5 sec.
59,Latin \a\ Sound,ambulacrum,ambulacrum,CORRECT,,0 min. 4 sec.
60,Latin \long a\ sound,collation,collation,CORRECT,,0 min. 4 sec.
61,Latin \e\ sound,ecchymosis,ecchymosis,CORRECT,,0 min. 4 sec.
62,Latin \long e\ Sound,diploe,diploey,INCORRECT,,0 min. 6 sec.
63,Latin \schwa i\ sound,augury,augury,CORRECT,,1 min. 0 sec.
64,Untagged,upholsterer,upholsterer,CORRECT,,0 min. 7 sec.
65,silly mistakes,metalloid,metalloidal,INCORRECT,,0 min. 5 sec.
66,Latin \ah\ sound,aliquot,aliquot,CORRECT,,0 min. 4 sec.
67,Latin,naris,naris,CORRECT,,0 min. 3 sec.
68,Latin \a\ Sound,arenavirus,arenavirus,CORRECT,,0 min. 5 sec.
69,Latin \long a\ sound,stapes,stapes,CORRECT,,0 min. 4 sec.
70,Latin \e\ sound,murex,murex,CORRECT,,0 min. 4 sec.
71,Latin \long e\ Sound,hypaethral,hypaethral,CORRECT,,0 min. 4 sec.
72,Latin \schwa i\ sound,pellitory,pellatory,INCORRECT,,0 min. 3 sec.
73,Untagged,android,android,CORRECT,,0 min. 4 sec.
74,silly mistakes,hypothalamic,hypothalamic,CORRECT,,0 min. 5 sec.
75,Latin \ah\ sound,octavo,octavo,CORRECT,,0 min. 14 sec.
76,Latin,mille,mille,CORRECT,,0 min. 4 sec.
77,Latin \a\ Sound,adit,adit,CORRECT,,0 min. 4 sec.
78,Latin \long a\ sound,materfamilias,materfamilias,CORRECT,,0 min. 6 sec.
79,Latin \e\ sound,eluate,elluate,INCORRECT,,0 min. 3 sec.
80,Latin \long e\ Sound,atlantean,atlantean,CORRECT,,0 min. 5 sec.
81,Latin \schwa i\ sound,caudex,caudex,CORRECT,,0 min. 4 sec.
82,Untagged,ambivalent,ambivalent,CORRECT,,0 min. 6 sec.
83,Latin \ah\ sound,lavabo,lavabo,CORRECT,,0 min. 4 sec.
84,Latin,tendinous,tendinin,INCORRECT,,0 min. 4 sec.
85,Latin \a\ Sound,annulus,annulus,CORRECT,,0 min. 4 sec.
86,Latin \long a\ sound,omasum,omasum,CORRECT,,0 min. 3 sec.
87,Latin \e\ sound,diadem,diademo,INCORRECT,,0 min. 5 sec.
88,Latin \long e\ Sound,alterity,alterity,CORRECT,,0 min. 3 sec.
89,Latin \schwa i\ sound,instauration,instauration,CORRECT,,0 min. 35 sec.
90,Untagged,sphincter,sphincter,CORRECT,,0 min. 5 sec.
91,Latin \ah\ sound,archon,arcon,INCORRECT,,0 min. 4 sec.
92,Latin,rubeola,rubeola,CORRECT,,0 min. 4 sec.
93,Latin \a\ Sound,columbarium,columbaria,INCORRECT,,0 min. 5 sec.
94,Latin \long a\ sound,cucullate,cucullate,CORRECT,,0 min. 4 sec.
95,Latin \e\ sound,memoriter,memoritaire,INCORRECT,,0 min. 5 sec.
96,Latin \long e\ Sound,pinetum,pinetum,CORRECT,,0 min. 3 sec.
97,Latin \schwa i\ sound,naumachia,naumachia,CORRECT,,0 min. 4 sec.
98,Untagged,arsenal,arsenal,CORRECT,,0 min. 3 sec.
99,Latin \ah\ sound,concupiscence,concupiscence,CORRECT,,0 min. 5 sec.
100,Latin,penetralia,penetralia,CORRECT,,0 min. 4 sec.
101,Latin \a\ Sound,labarum,labarum,CORRECT,,0 min. 4 sec.
102,Latin \long a\ sound,eructation,eructation,CORRECT,,0 min. 4 sec.
103,Latin \e\ sound,canescent,canescent,CORRECT,,0 min. 4 sec.
104,Latin \long e\ Sound,internecine,internecine,CORRECT,,0 min. 4 sec.
105,Latin \schwa i\ sound,mores,mores,CORRECT,,0 min. 10 sec.
106,Untagged,juggernaut,juggernaut,CORRECT,,0 min. 4 sec.
107,Latin \ah\ sound,obloquy,obloquy,CORRECT,,0 min. 4 sec.
108,Latin,animus,animus,CORRECT,,0 min. 10 sec.
109,Latin \a\ Sound,vatic,phatic,INCORRECT,,0 min. 3 sec.
110,Latin \long a\ sound,comate,connate,INCORRECT,,0 min. 4 sec.
111,Latin \e\ sound,sensillum,sincillum,INCORRECT,,0 min. 4 sec.
112,Latin \long e\ Sound,amity,amity,CORRECT,,0 min. 4 sec.
113,Latin \schwa i\ sound,quartan,quarton,INCORRECT,,0 min. 4 sec.
114,Untagged,torus,taurus,INCORRECT,,0 min. 3 sec.
115,Latin \ah\ sound,coxa,coxa,CORRECT,,0 min. 4 sec.
116,Latin,vomitory,vomitory,CORRECT,,0 min. 4 sec.
117,Latin \a\ Sound,famulus,famulus,CORRECT,,0 min. 4 sec.
118,Latin \long a\ sound,seriatim,seriatim,CORRECT,,0 min. 3 sec.
119,Latin \e\ sound,obesogenic,obeisogenic,INCORRECT,,0 min. 4 sec.
120,Latin \long e\ Sound,oread,oriad,INCORRECT,,0 min. 4 sec.
121,Latin \schwa i\ sound,flores,flores,CORRECT,,0 min. 4 sec.
122,Untagged,pallor,pallor,CORRECT,,0 min. 4 sec.
123,Latin \ah\ sound,obtund,obtund,CORRECT,,0 min. 4 sec.
124,Latin,peplum,peplum,CORRECT,,0 min. 4 sec.
125,Latin \a\ Sound,abracadabra,abracadabra,CORRECT,,0 min. 3 sec.
126,Latin \long a\ sound,aeneolithic,aieneolyphic,INCORRECT,,0 min. 5 sec.
127,Latin \e\ sound,exsiccate,exsiccate,CORRECT,,0 min. 5 sec.
128,Latin \long e\ Sound,evert,evert,CORRECT,,0 min. 3 sec.
129,Untagged,filibuster,filibuster,CORRECT,,0 min. 5 sec.
130,Latin \ah\ sound,paternoster,paternoster,CORRECT,,0 min. 7 sec.
131,Latin,latifundium,latafundium,INCORRECT,,0 min. 4 sec.
132,Latin \a\ Sound,annals,annals,CORRECT,,0 min. 3 sec.
133,Latin \long a\ sound,squama,squama,CORRECT,,0 min. 3 sec.
134,Latin \e\ sound,interpellate,interpellate,CORRECT,,0 min. 5 sec.
135,Latin \long e\ Sound,faustian,faustean,INCORRECT,,0 min. 4 sec.
136,Untagged,nacelle,nocelle,INCORRECT,,0 min. 5 sec.
137,Latin \ah\ sound,serotinal,serotinal,CORRECT,,0 min. 10 sec.
138,Latin,antaean,antean,INCORRECT,,1 min. 31 sec.
139,Latin \a\ Sound,malleus,malleus,CORRECT,,0 min. 3 sec.
140,Latin \long a\ sound,naiad,naiad,CORRECT,,0 min. 5 sec.
141,Latin \e\ sound,semelparous,semalperous,INCORRECT,,0 min. 4 sec.
142,Latin \long e\ Sound,prevenient,prevenient,CORRECT,,0 min. 5 sec.
143,Untagged,coincidence,coincidence,CORRECT,,0 min. 4 sec.
144,Latin \ah\ sound,imperator,imprimatur,INCORRECT,,0 min. 4 sec.
145,Latin,cymatium,simation,INCORRECT,,0 min. 6 sec.
146,Latin \a\ Sound,varus,barus,INCORRECT,,0 min. 4 sec.
147,Latin \long a\ sound,vadose,vadose,CORRECT,,0 min. 4 sec.
148,Latin \e\ sound,ergo,ergo,CORRECT,,0 min. 3 sec.
149,Latin \long e\ Sound,pyrites,perites,INCORRECT,,0 min. 4 sec.
150,Untagged,officious,officious,CORRECT,,0 min. 5 sec.
151,Latin \ah\ sound,manes,manes,CORRECT,,0 min. 3 sec.
152,Latin,congeries,conjuries,INCORRECT,,0 min. 4 sec.
153,Latin \a\ Sound,avocation,avocation,CORRECT,,5 min. 43 sec.
154,Latin \long a\ sound,gravamen,gravemen,INCORRECT,,0 min. 10 sec.
155,Latin \e\ sound,mimetic,mimetic,CORRECT,,0 min. 4 sec.
156,Latin \long e\ Sound,effete,effete,CORRECT,,5 min. 24 sec.
157,Untagged,euphoria,euphoria,CORRECT,,0 min. 4 sec.
158,Latin \ah\ sound,opsonin,opsonin,CORRECT,,0 min. 3 sec.
159,Latin,ululate,ullulate,INCORRECT,,0 min. 4 sec.
160,Latin \a\ Sound,ambit,ambit,CORRECT,,1 min. 8 sec.
161,Latin \long a\ sound,elegit,ellegiate,INCORRECT,,0 min. 4 sec.
162,Latin \e\ sound,sequela,sequela,CORRECT,,0 min. 7 sec.
163,Latin \long e\ Sound,carious,carious,CORRECT,,0 min. 4 sec.
164,Untagged,espousal,espousal,CORRECT,,0 min. 4 sec.
165,Latin \ah\ sound,collectanea,collectaneous,INCORRECT,,0 min. 5 sec.
166,Latin,torticollis,torticollis,CORRECT,,0 min. 3 sec.
167,Latin \a\ Sound,panchax,panchax,CORRECT,,0 min. 30 sec.
168,Latin \long a\ sound,levigate,levigate,CORRECT,,0 min. 3 sec.
169,Latin \e\ sound,encaenia,incaena,INCORRECT,,0 min. 5 sec.
170,Latin \long e\ Sound,pallidotomy,pallidotomy,CORRECT,,0 min. 5 sec.
171,Untagged,iota,iota,CORRECT,,0 min. 2 sec.
172,Latin \ah\ sound,arcanum,arcanum,CORRECT,,0 min. 4 sec.
173,Latin,pontifex,pontifex,CORRECT,,0 min. 5 sec.
174,Latin \a\ Sound,lazarus,lazerous,INCORRECT,,0 min. 3 sec.
175,Latin \long a\ sound,hamate,hamate,CORRECT,,0 min. 4 sec.
176,Latin \e\ sound,variorum,variorum,CORRECT,,0 min. 4 sec.
177,Latin \long e\ Sound,ostiole,osteole,INCORRECT,,0 min. 3 sec.
178,Untagged,petechia,patechia,INCORRECT,,0 min. 4 sec.
179,Latin \ah\ sound,connate,connate,CORRECT,,0 min. 3 sec.
180,Latin,cantillate,cantillate,CORRECT,,0 min. 4 sec.
181,Latin \a\ Sound,amaryllis,amaryllis,CORRECT,,0 min. 4 sec.
182,Latin \long a\ sound,labret,lebret,INCORRECT,,0 min. 3 sec.
183,Latin \e\ sound,epistolary,epistolary,CORRECT,,0 min. 4 sec.
184,Latin \long e\ Sound,alveolus,alveolate,INCORRECT,,0 min. 3 sec.
185,Untagged,veridical,veridical,CORRECT,,0 min. 3 sec.
186,Latin \ah\ sound,occident,occident,CORRECT,,0 min. 4 sec.
187,Latin,decennium,decennial,INCORRECT,,0 min. 4 sec.
188,Latin \a\ Sound,palimpsest,palimpcest,INCORRECT,,0 min. 9 sec.
189,Latin \long a\ sound,circinate,sircenate,INCORRECT,,0 min. 4 sec.
190,Latin \e\ sound,feculent,feculant,INCORRECT,,0 min. 4 sec.
191,Latin \long e\ Sound,extempore,extempory,INCORRECT,,0 min. 4 sec.
192,Untagged,solicitous,solicitous,CORRECT,,0 min. 4 sec.
193,Latin \ah\ sound,scotic,scotic,CORRECT,,0 min. 3 sec.
194,Latin,harpy,harpy,CORRECT,,0 min. 3 sec.
195,Latin \a\ Sound,cantus,cantin,INCORRECT,,0 min. 4 sec.
196,Latin \long a\ sound,favus,fatus,INCORRECT,,0 min. 3 sec.
197,Latin \e\ sound,mensal,mensal,CORRECT,,0 min. 4 sec.
198,Latin \long e\ Sound,facsimile,facsimile,CORRECT,,0 min. 3 sec.
199,Untagged,ragout,ragou,INCORRECT,,0 min. 6 sec.
200,Latin \ah\ sound,imprimatur,imprimatur,CORRECT,,0 min. 10 sec.
201,Latin,ramet,raymet,INCORRECT,,0 min. 4 sec.
202,Latin \a\ Sound,morganatic,morganatic,CORRECT,,0 min. 4 sec.
203,Latin \long a\ sound,fatidic,fatidic,CORRECT,,0 min. 3 sec.
204,Latin \e\ sound,gelid,gelid,CORRECT,,0 min. 4 sec.
205,Latin \long e\ Sound,rebus,rebus,CORRECT,,0 min. 3 sec.
206,Untagged,squamulose,squamulose,CORRECT,,0 min. 3 sec.
207,Latin \ah\ sound,nostrum,nostrum,CORRECT,,0 min. 4 sec.
208,Latin,terete,terete,CORRECT,,0 min. 4 sec.
209,Latin \a\ Sound,sanatorium,sanatorium,CORRECT,,0 min. 5 sec.
210,Latin \long a\ sound,palladium,palladium,CORRECT,,0 min. 4 sec.
211,Latin \e\ sound,geniture,geniture,CORRECT,,0 min. 3 sec.
212,Latin \long e\ Sound,oleum,oleum,CORRECT,,0 min. 4 sec.
213,Untagged,celesta,celestus,INCORRECT,,0 min. 4 sec.
214,Latin \ah\ sound,ostium,ostium,CORRECT,,0 min. 5 sec.
215,Latin,realia,realia,CORRECT,,0 min. 3 sec.
216,Latin \a\ Sound,ambrosia,ambrosia,CORRECT,,0 min. 4 sec.
217,Latin \long a\ sound,aleatory,alliatory,INCORRECT,,0 min. 3 sec.
218,Latin \e\ sound,erysipelas,aricepalous,INCORRECT,,0 min. 5 sec.
219,Latin \long e\ Sound,bacchae,bacchae,CORRECT,,0 min. 3 sec.
220,Untagged,wrangle,wrangle,CORRECT,,0 min. 3 sec.
221,Latin \ah\ sound,nosocomial,gnosocomial,INCORRECT,,0 min. 4 sec.
222,Latin,pomatum,pomatim,INCORRECT,,0 min. 4 sec.
223,Latin \a\ Sound,perissodactyl,fersodactyl,INCORRECT,,0 min. 5 sec.
224,Latin \long a\ sound,insufflation,insufflation,CORRECT,,0 min. 6 sec.
225,Latin \e\ sound,cenotaph,cenotaph,CORRECT,,0 min. 4 sec.
226,Latin \long e\ Sound,redux,redux,CORRECT,,0 min. 6 sec.
227,Untagged,gnomic,gnomic,CORRECT,,0 min. 5 sec.
228,Latin \ah\ sound,solecism,solecism,CORRECT,,0 min. 10 sec.
229,Latin,usufruct,usufruct,CORRECT,,0 min. 3 sec.
230,Latin \a\ Sound,anacreontic,anacreontic,CORRECT,,0 min. 4 sec.
231,Latin \long a\ sound,levirate,levirate,CORRECT,,0 min. 3 sec.
232,Latin \e\ sound,pedicel,pedicel,CORRECT,,0 min. 4 sec.
233,Latin \long e\ Sound,tenebrae,tenebrae,CORRECT,,0 min. 4 sec.
234,Untagged,oncology,oncology,CORRECT,,0 min. 5 sec.
235,Latin \ah\ sound,argillaceous,undulaceous,INCORRECT,,0 min. 4 sec.
236,Latin,satyr,satyr,CORRECT,,0 min. 4 sec.
237,Latin \a\ Sound,caveat,caveat,CORRECT,,0 min. 6 sec.
238,Latin \long a\ sound,natant,natent,INCORRECT,,0 min. 5 sec.
239,Latin \e\ sound,cerement,ceremet,INCORRECT,,0 min. 5 sec.
240,Latin \long e\ Sound,aureate,aureate,CORRECT,,0 min. 4 sec.
241,Untagged,mummify,mummify,CORRECT,,0 min. 42 sec.
242,Latin \ah\ sound,manet,manet,CORRECT,,0 min. 3 sec.
243,Latin,tacet,tocket,INCORRECT,,0 min. 3 sec.
244,Latin \a\ Sound,saturnalia,saturnalia,CORRECT,,0 min. 3 sec.
245,Latin \long a\ sound,tabes,tabes,CORRECT,,0 min. 4 sec.
246,Latin \e\ sound,encaustic,incaustic,INCORRECT,,0 min. 3 sec.
247,Latin \long e\ Sound,arboreous,arboreous,CORRECT,,0 min. 4 sec.
248,Untagged,bronchial,bronchial,CORRECT,,0 min. 4 sec.
249,Latin \ah\ sound,morion,morion,CORRECT,,0 min. 4 sec.
250,Latin,pappus,tapas,INCORRECT,,0 min. 3 sec.
251,Latin \a\ Sound,galla,galla,CORRECT,,0 min. 3 sec.
252,Latin \long a\ sound,lixiviate,lixiviate,CORRECT,,0 min. 6 sec.
253,Latin \e\ sound,millenary,millennary,INCORRECT,,0 min. 23 sec.
254,Latin \long e\ Sound,ceres,series,INCORRECT,,0 min. 4 sec.
255,Untagged,assurgent,assurgent,CORRECT,,0 min. 4 sec.
256,Latin \ah\ sound,apocrypha,apocrypha,CORRECT,,0 min. 9 sec.
257,Latin,areola,hariola,INCORRECT,,0 min. 3 sec.
258,Latin \a\ Sound,clathrate,clathrate,CORRECT,,0 min. 16 sec.
259,Latin \e\ sound,eleemosynary,eleemosynary,CORRECT,,0 min. 4 sec.
260,Latin \long e\ Sound,plenary,plenary,CORRECT,,0 min. 24 sec.
261,Untagged,coryza,pleuryza,INCORRECT,,0 min. 39 sec.
262,Latin \ah\ sound,arbutus,arbutus,CORRECT,,0 min. 3 sec.
263,Latin,aqueduct,aqueduct,CORRECT,,0 min. 4 sec.
264,Latin \a\ Sound,acetabulum,acetabulum,CORRECT,,0 min. 8 sec.
265,Latin \long e\ Sound,emersed,emersed,CORRECT,,0 min. 6 sec.
266,Untagged,maecenas,mycaenas,INCORRECT,,0 min. 4 sec.
267,Latin \ah\ sound,profligate,profligate,CORRECT,,0 min. 4 sec.
268,Latin,nasturtium,nasturtium,CORRECT,,0 min. 5 sec.
269,Latin \a\ Sound,alveolar,alveolar,CORRECT,,0 min. 3 sec.
270,Latin \long e\ Sound,papilionaceous,papilleonaceous,INCORRECT,,0 min. 5 sec.
271,Untagged,hyperbole,hyperbole,CORRECT,,0 min. 5 sec.
272,Latin \ah\ sound,gravitas,gravitas,CORRECT,,0 min. 6 sec.
273,Latin,lustrum,lustrum,CORRECT,,0 min. 4 sec.
274,Latin \a\ Sound,ampulla,ampulla,CORRECT,,0 min. 6 sec.
275,Latin \long e\ Sound,cathedra,cathedra,CORRECT,,0 min. 3 sec.
276,Untagged,paparazzo,paparazzo,CORRECT,,0 min. 5 sec.
277,Latin \ah\ sound,peccavi,piccavi,INCORRECT,,0 min. 5 sec.
278,Latin,cothurnus,cothernus,INCORRECT,,0 min. 5 sec.
279,Latin \a\ Sound,lares,rares,INCORRECT,,0 min. 3 sec.
280,Latin \long e\ Sound,etesian,etesian,CORRECT,,0 min. 3 sec.
281,Untagged,incipit,insipit,INCORRECT,,0 min. 7 sec.
282,Latin \ah\ sound,transpontine,transpontine,CORRECT,,0 min. 5 sec.
283,Latin,galbanum,galbanum,CORRECT,,0 min. 5 sec.
284,Latin \a\ Sound,acriflavine,acroflavine,INCORRECT,,0 min. 6 sec.
285,Latin \long e\ Sound,uraeus,uraeus,CORRECT,,0 min. 4 sec.
286,Untagged,intellectual,intellectual,CORRECT,,0 min. 5 sec.
287,Latin \ah\ sound,costa,koshkke,INCORRECT,,0 min. 5 sec.
288,Latin,lenticel,lenticel,CORRECT,,0 min. 5 sec.
289,Latin \a\ Sound,extravasate,extravosate,INCORRECT,,0 min. 5 sec.
290,Latin \long e\ Sound,pallium,pallium,CORRECT,,11 min. 25 sec.
291,Untagged,infinitesimal,infinitesimal,CORRECT,,0 min. 4 sec.
292,Latin \ah\ sound,armamentarium,armamentarium,CORRECT,,0 min. 6 sec.
293,Latin,ganglion,ganglion,CORRECT,,0 min. 4 sec.
294,Latin \long e\ Sound,defenestration,defenestration,CORRECT,,0 min. 6 sec.
295,Untagged,corral,corrale,INCORRECT,,0 min. 5 sec.
296,Latin,academe,academe,CORRECT,,0 min. 5 sec.
297,Latin \long e\ Sound,amanita,amonita,INCORRECT,,0 min. 4 sec.
298,Untagged,telesis,telesis,CORRECT,,0 min. 40 sec.
299,Latin,virga,verga,INCORRECT,,1 min. 9 sec.
300,Latin \long e\ Sound,grecism,grecism,CORRECT,,0 min. 4 sec.
301,Untagged,berserk,berserk,CORRECT,,0 min. 20 sec.
302,Latin,bulla,bolo,INCORRECT,,0 min. 3 sec.
303,Latin \long e\ Sound,tympanites,tympanites,CORRECT,,0 min. 4 sec.
304,Untagged,toreador,toreador,CORRECT,,0 min. 4 sec.
305,Latin,synod,synod,CORRECT,,0 min. 7 sec.
306,Latin \long e\ Sound,longanimity,longanimity,CORRECT,,0 min. 5 sec.
307,Untagged,triton,cryton,INCORRECT,,0 min. 5 sec.
308,Latin,egeria,aegyrian,INCORRECT,,0 min. 5 sec.
309,Latin \long e\ Sound,daedal,daedyl,INCORRECT,,0 min. 4 sec.
310,Untagged,poignant,poignant,CORRECT,,0 min. 5 sec.
311,Latin,lenis,lanus,INCORRECT,,0 min. 4 sec.
312,Latin \long e\ Sound,excreta,excreta,CORRECT,,0 min. 4 sec.
313,Untagged,simnel,simnel,CORRECT,,0 min. 6 sec.
314,Latin,puerile,puerile,CORRECT,,0 min. 6 sec.
315,Latin \long e\ Sound,patagium,potagium,INCORRECT,,0 min. 6 sec.
316,Untagged,ocarina,ocarina,CORRECT,,0 min. 6 sec.
317,Latin,bursa,bursa,CORRECT,,0 min. 4 sec.
318,Latin \long e\ Sound,cleopatra,cleopatra,CORRECT,,0 min. 5 sec.
319,Untagged,neckerchief,neckerchief,CORRECT,,0 min. 6 sec.
320,Latin,regnum,reginal,INCORRECT,,0 min. 3 sec.
321,Latin \long e\ Sound,mediopassive,idiopassive,INCORRECT,,0 min. 15 sec.
322,Untagged,buskin,buskin,CORRECT,,0 min. 5 sec.
323,Latin,remora,remora,CORRECT,,0 min. 4 sec.
324,Latin \long e\ Sound,curia,curia,CORRECT,,0 min. 4 sec.
325,Untagged,dispel,nocelle,INCORRECT,,0 min. 11 sec.
326,Latin,madrepore,madrepore,CORRECT,,0 min. 7 sec.
327,Latin \long e\ Sound,sententia,sententia,CORRECT,,0 min. 4 sec.
328,Untagged,coralline,coralline,CORRECT,,0 min. 10 sec.
329,Latin,afflatus,afflatus,CORRECT,,0 min. 5 sec.
330,Latin \long e\ Sound,catena,katina,INCORRECT,,0 min. 5 sec.
331,Untagged,furtive,furtive,CORRECT,,0 min. 4 sec.
332,Latin,verbatim,ultimatum,INCORRECT,,0 min. 5 sec.
333,Latin \long e\ Sound,quotidian,quotidian,CORRECT,,0 min. 5 sec.
334,Untagged,veracity,veracity,CORRECT,,0 min. 5 sec.
335,Latin,canaan,canin,INCORRECT,,0 min. 36 sec.
336,Latin \long e\ Sound,lamia,llamila,INCORRECT,,0 min. 5 sec.
337,Untagged,aztec,aztec,CORRECT,,0 min. 4 sec.
338,Latin,anima,anima,CORRECT,,0 min. 4 sec.
339,Latin \long e\ Sound,manubrium,nubrium,INCORRECT,,0 min. 7 sec.
340,Untagged,connoisseur,conoisseur,INCORRECT,,0 min. 5 sec.
341,Latin,reticle,reticle,CORRECT,,0 min. 5 sec.
342,Latin \long e\ Sound,aesculapian,esculapian,INCORRECT,,0 min. 4 sec.
343,Untagged,kennel,kennel,CORRECT,,0 min. 4 sec.
344,Latin,theodolite,theodylite,INCORRECT,,0 min. 6 sec.
345,Latin \long e\ Sound,pace,pacey,INCORRECT,,0 min. 4 sec.
346,Untagged,intermezzo,intermezzo,CORRECT,,0 min. 6 sec.
347,Latin,purpura,purpurer,INCORRECT,,0 min. 4 sec.
348,Latin \long e\ Sound,dele,daily,INCORRECT,,0 min. 55 sec.
349,Untagged,teetotum,teetotum,CORRECT,,0 min. 5 sec.
350,Latin,cavil,cabal,INCORRECT,,0 min. 4 sec.
351,Latin \long e\ Sound,meliorism,meliorism,CORRECT,,0 min. 6 sec.
352,Untagged,peerage,courage,INCORRECT,,0 min. 5 sec.
353,Latin,silva,silva,CORRECT,,0 min. 5 sec.
354,Latin \long e\ Sound,scalare,scholare,INCORRECT,,0 min. 5 sec.
355,Untagged,architrave, architrave,INCORRECT,,0 min. 5 sec.
356,Latin,apolune,appaloon,INCORRECT,,0 min. 5 sec.
357,Latin \long e\ Sound,milliary,milliary,CORRECT,,0 min. 5 sec.
358,Untagged,tome,tom,INCORRECT,,0 min. 3 sec.
359,Latin,intima,intima,CORRECT,,0 min. 5 sec.
360,Latin \long e\ Sound,ascesis,acesus,INCORRECT,,0 min. 5 sec.
361,Untagged,furlong,furlong,CORRECT,,0 min. 5 sec.
362,Latin,assuasive,assuasive,CORRECT,,0 min. 4 sec.
363,Latin \long e\ Sound,plenipotentiary,plenipotentiary,CORRECT,,0 min. 7 sec.
364,Untagged,pontificate,pontificate,CORRECT,,0 min. 4 sec.
365,Latin,candelabrum,candelabrum,CORRECT,,0 min. 10 sec.
366,Latin \long e\ Sound,psalterium,salteriuum,INCORRECT,,0 min. 6 sec.
367,Untagged,circuit,circuit,CORRECT,,0 min. 4 sec.
368,Latin,liquefaction,liquefaction,CORRECT,,0 min. 6 sec.
369,Latin \long e\ Sound,varia,varia,CORRECT,,0 min. 5 sec.
370,Untagged,enlightenment,enlightenment,CORRECT,,0 min. 5 sec.
371,Latin,vulgus,vulgas,INCORRECT,,0 min. 7 sec.
372,Latin \long e\ Sound,triticale,triticele,INCORRECT,,0 min. 5 sec.
373,Untagged,redaction,redaction,CORRECT,,0 min. 6 sec.
374,Latin,calefactory,califactory,INCORRECT,,0 min. 5 sec.
375,Latin \long e\ Sound,fimbria,fimbria,CORRECT,,0 min. 4 sec.
376,Untagged,catenate,catenate,CORRECT,,0 min. 5 sec.
377,Latin,canaliculus,canaliculis,INCORRECT,,0 min. 5 sec.
378,Untagged,commissure,commissure,CORRECT,,0 min. 4 sec.
379,Latin,rubicon,rubicon,CORRECT,,0 min. 3 sec.
380,Untagged,mansuetude,mansuetude,CORRECT,,0 min. 4 sec.
381,Latin,subtile,soluble,INCORRECT,,0 min. 4 sec.
382,Untagged,hemodialysis,hemodialysis,CORRECT,,0 min. 10 sec.
383,Latin,avulse,avulse,CORRECT,,0 min. 4 sec.
384,Untagged,censorious,censorious,CORRECT,,0 min. 4 sec.
385,Latin,amanuensis,emmanusis,INCORRECT,,0 min. 13 sec.
386,Untagged,fruticose,fruticose,CORRECT,,0 min. 4 sec.
387,Latin,fulvous,fulvus,INCORRECT,,0 min. 26 sec.
388,Untagged,diatribe,diatribe,CORRECT,,0 min. 3 sec.
389,Latin,lemniscus,lemniscus,CORRECT,,0 min. 5 sec.
390,Untagged,abhorrence,abhorrence,CORRECT,,0 min. 4 sec.
391,Latin,tenebrism,tenebrism,CORRECT,,0 min. 7 sec.
392,Untagged,mechanics,mechanics,CORRECT,,0 min. 5 sec.
393,Latin,fremitus,frematus,INCORRECT,,0 min. 6 sec.
394,Untagged,toucan,toucan,CORRECT,,0 min. 7 sec.
395,Latin,atavism,atavism,CORRECT,,0 min. 4 sec.
396,Untagged,euphemism,euphemism,CORRECT,,0 min. 5 sec.
397,Latin,reticulum,reticulum,CORRECT,,0 min. 4 sec.
398,Untagged,malaise,malaise,CORRECT,,0 min. 4 sec.
399,Latin,florentine,florentine,CORRECT,,0 min. 4 sec.
400,Untagged,fusilli,fusilli,CORRECT,,0 min. 5 sec.
401,Latin,dromedary,dromedary,CORRECT,,0 min. 4 sec.
402,Untagged,pierian,pierian,CORRECT,,0 min. 5 sec.
403,Latin,formicary,formicary,CORRECT,,0 min. 3 sec.
404,Untagged,threshold,threshhold,INCORRECT,,0 min. 4 sec.
405,Latin,rufous,rufus,INCORRECT,,0 min. 4 sec.
406,Untagged,hellenic,hellenic,CORRECT,,0 min. 6 sec.
407,Latin,bursar,bursar,CORRECT,,0 min. 5 sec.
408,Untagged,malevolent,malevolent,CORRECT,,0 min. 8 sec.
409,Latin,meridional,meridianal,INCORRECT,,0 min. 5 sec.
410,Untagged,illimitable,illimitable,CORRECT,,0 min. 6 sec.
411,Latin,lucifer,lucifer,CORRECT,,0 min. 6 sec.
412,Untagged,nix,nix,CORRECT,,0 min. 3 sec.
413,Latin,panacea,panacea,CORRECT,,0 min. 4 sec.
414,Untagged,theriac,theriac,CORRECT,,0 min. 4 sec.
415,Latin,ruderal,ruteral,INCORRECT,,0 min. 25 sec.
416,Untagged,hypocrisy,hypocrisy,CORRECT,,0 min. 7 sec.
417,Latin,gerund,gerund,CORRECT,,0 min. 4 sec.
418,Untagged,impeccable,impeccable,CORRECT,,0 min. 6 sec.
419,Latin,oblation,oblation,CORRECT,,0 min. 6 sec.
420,Untagged,dearth,dearth,CORRECT,,0 min. 5 sec.
421,Latin,summa,summah,INCORRECT,,0 min. 4 sec.
422,Untagged,synchrotron,synchrotron,CORRECT,,0 min. 5 sec.
423,Latin,pileus,pyleus,INCORRECT,,0 min. 3 sec.
424,Untagged,desertification,desertification,CORRECT,,0 min. 6 sec.
425,Latin,amative,amative,CORRECT,,0 min. 3 sec.
426,Untagged,isogram,isogram,CORRECT,,0 min. 4 sec.
427,Latin,marchioness,marchionness,INCORRECT,,0 min. 28 sec.
428,Untagged,solon,sollen,INCORRECT,,15 min. 37 sec.
429,Latin,acinus,acenous,INCORRECT,,0 min. 5 sec.
430,Untagged,spinose,spinose,CORRECT,,0 min. 4 sec.
431,Latin,fustigate,fustigate,CORRECT,,1 min. 16 sec.
432,Untagged,papa,papa,CORRECT,,0 min. 4 sec.
433,Latin,colocynth,colacinth,INCORRECT,,0 min. 6 sec.
434,Untagged,niagara,niagara,CORRECT,,0 min. 3 sec.
435,Latin,liripipe,lyripipe,INCORRECT,,0 min. 4 sec.
436,Untagged,caesar,caesar,CORRECT,,0 min. 4 sec.
437,Latin,nisus,nycus,INCORRECT,,0 min. 3 sec.
438,Untagged,sororal,sororal,CORRECT,,0 min. 4 sec.
439,Latin,mulct,mulcht,INCORRECT,,0 min. 4 sec.
440,Untagged,bilious,bilious,CORRECT,,0 min. 5 sec.
441,Latin,epistaxis,epistaxis,CORRECT,,0 min. 4 sec.
442,Untagged,subclavian,subclavian,CORRECT,,0 min. 3 sec.
443,Untagged,tripartite,tripartite,CORRECT,,0 min. 5 sec.
444,Untagged,embellish,embellish,CORRECT,,0 min. 4 sec.
445,Untagged,commemoration,commemoration,CORRECT,,0 min. 4 sec.
446,Untagged,equilibrist,equilibrist,CORRECT,,0 min. 6 sec.
447,Untagged,florigen,floragen,INCORRECT,,0 min. 4 sec.
448,Untagged,hydrolysis,hydraulysis,INCORRECT,,0 min. 5 sec.
449,Untagged,sable,sable,CORRECT,,0 min. 3 sec.
450,Untagged,ketone,ketone,CORRECT,,0 min. 6 sec.
451,Untagged,fractal,fractal,CORRECT,,0 min. 33 sec.
452,Untagged,laggard,laggard,CORRECT,,0 min. 4 sec.
453,Untagged,lathe,lathe,CORRECT,,0 min. 4 sec.
454,Untagged,serenade,serenade,CORRECT,,0 min. 5 sec.
455,Untagged,altricial,altricial,CORRECT,,0 min. 5 sec.
456,Untagged,nonnecessity,nonnecessity,CORRECT,,0 min. 4 sec.
457,Untagged,anthropogenic,anthropogenic,CORRECT,,0 min. 5 sec.
458,Untagged,gamut,gamut,CORRECT,,0 min. 5 sec.
459,Untagged,scoria,skorea,INCORRECT,,0 min. 7 sec.
460,Untagged,salivate,salivate,CORRECT,,0 min. 6 sec.
461,Untagged,cardiac,cardiac,CORRECT,,0 min. 5 sec.
462,Untagged,laparoscopy,lapiroscopy,INCORRECT,,0 min. 6 sec.
463,Untagged,idiopathic,idiopathic,CORRECT,,0 min. 4 sec.
464,Untagged,emblazon,emblazon,CORRECT,,0 min. 5 sec.
465,Untagged,spangle,spangle,CORRECT,,0 min. 7 sec.
466,Untagged,octopod,octopod,CORRECT,,0 min. 5 sec.
467,Untagged,armada,armada,CORRECT,,0 min. 5 sec.
468,Untagged,hew,hue,INCORRECT,,0 min. 4 sec.
469,Untagged,covey,covey,CORRECT,,0 min. 4 sec.
470,Untagged,primal,primal,CORRECT,,0 min. 4 sec.
471,Untagged,rambunctious,rambunctious,CORRECT,,0 min. 9 sec.
472,Untagged,salutatorian,salutatorian,CORRECT,,0 min. 5 sec.
473,Untagged,periphyton,periphiton,INCORRECT,,0 min. 5 sec.
474,Untagged,benign,benign,CORRECT,,0 min. 4 sec.
475,Untagged,hyssop,hyssop,CORRECT,,0 min. 3 sec.
476,Untagged,aristocrat,aristocrat,CORRECT,,0 min. 5 sec.
477,Untagged,jocund,jocund,CORRECT,,0 min. 3 sec.
478,Untagged,skewbald,skewballed,INCORRECT,,0 min. 5 sec.
479,Untagged,duodecimo,duodecimo,CORRECT,,0 min. 5 sec.
480,Untagged,interject,interject,CORRECT,,0 min. 11 sec.
481,Untagged,chancery,chancery,CORRECT,,0 min. 5 sec.
482,Untagged,oleaginous,oleagenous,INCORRECT,,0 min. 6 sec.
483,Untagged,prolix,prolyx,INCORRECT,,0 min. 5 sec.
484,Untagged,ithyphallic,ififalic,INCORRECT,,0 min. 8 sec.
485,Untagged,continuity,continuity,CORRECT,,0 min. 5 sec.
486,Untagged,paroxysm,paroxysm,CORRECT,,0 min. 6 sec.
487,Untagged,erose,erose,CORRECT,,0 min. 4 sec.
488,Untagged,dolor,dolar,INCORRECT,,0 min. 3 sec.
489,Untagged,ascension,ascension,CORRECT,,0 min. 5 sec.
490,Untagged,monastic,monastic,CORRECT,,0 min. 5 sec.
491,Untagged,florilegium,floralegium,INCORRECT,,0 min. 7 sec.
492,Untagged,triceratops,triceratops,CORRECT,,0 min. 7 sec.
493,Untagged,minatory,minatory,CORRECT,,0 min. 7 sec.
494,Untagged,belle,belle,CORRECT,,0 min. 4 sec.
495,Untagged,orthography,orthography,CORRECT,,0 min. 3 sec.
496,Untagged,lorica,loryca,INCORRECT,,0 min. 5 sec.
497,Untagged,arborvitae,arborvitae,CORRECT,,0 min. 4 sec.
498,Untagged,whist,whist,CORRECT,,1 min. 6 sec.
499,Untagged,unimpeded,unimpeded,CORRECT,,0 min. 4 sec.
500,Untagged,mackinaw,mackinaw,CORRECT,,0 min. 5 sec.
501,Untagged,serviceable,serviceable,CORRECT,,0 min. 6 sec.
502,Untagged,cholesterol,cholesterol,CORRECT,,0 min. 5 sec.
503,Untagged,metathesis,metathesiis,INCORRECT,,0 min. 8 sec.
504,Untagged,gratis,gratus,INCORRECT,,0 min. 4 sec.
505,Untagged,centurion,centurion,CORRECT,,0 min. 5 sec.
506,Untagged,volition,volition,CORRECT,,0 min. 5 sec.
507,Untagged,axilla,axilla,CORRECT,,0 min. 5 sec.
508,Untagged,antiquity,antiquity,CORRECT,,0 min. 5 sec.
509,Untagged,electuary,electuary,CORRECT,,0 min. 7 sec.
510,Untagged,debris,debris,CORRECT,,0 min. 3 sec.
511,Untagged,harlequin,harlequin,CORRECT,,0 min. 5 sec.
512,Untagged,adagio,adagio,CORRECT,,0 min. 6 sec.
513,Untagged,pueblo,pueblo,CORRECT,,0 min. 5 sec.
514,Untagged,croupier,croupier,CORRECT,,0 min. 5 sec.
515,Untagged,acrimony,acrimony,CORRECT,,0 min. 5 sec.
516,Untagged,ventifact,ventifact,CORRECT,,0 min. 4 sec.
517,Untagged,decuple,decuple,CORRECT,,0 min. 3 sec.
518,Untagged,paleozoic,paleozoic,CORRECT,,0 min. 5 sec.
519,Untagged,occupancy,occupancy,CORRECT,,0 min. 4 sec.
520,Untagged,vim,vim,CORRECT,,0 min. 4 sec.
521,Untagged,jaundiced,jaundiced,CORRECT,,0 min. 3 sec.
522,Untagged,bilge,bilge,CORRECT,,0 min. 8 sec.
523,Untagged,fortuitous,fortuitous,CORRECT,,0 min. 5 sec.
524,Untagged,tapestried,tapestrie,INCORRECT,,0 min. 4 sec.
525,Untagged,gerontology,gerontology,CORRECT,,0 min. 6 sec.
526,Untagged,pomade,pomade,CORRECT,,0 min. 4 sec.
527,Untagged,tassel,tassle,INCORRECT,,0 min. 4 sec.
528,Untagged,tonsure,tonsure,CORRECT,,0 min. 5 sec.
529,Untagged,ridiculously,ridiculously,CORRECT,,0 min. 7 sec.
530,Untagged,venison,venison,CORRECT,,0 min. 7 sec.
531,Untagged,calliope,calliope,CORRECT,,0 min. 4 sec.
532,Untagged,spirogyra,spirogyra,CORRECT,,0 min. 7 sec.
533,Untagged,tandoori,tandoori,CORRECT,,0 min. 5 sec.
534,Untagged,solomonic,solomonic,CORRECT,,0 min. 15 sec.
535,Untagged,tarmac,tarmac,CORRECT,,0 min. 3 sec.
536,Untagged,iontophoresis,iontophoresis,CORRECT,,0 min. 6 sec.
537,Untagged,pallid,pallid,CORRECT,,0 min. 5 sec.
538,Untagged,ordination,ordonnation,INCORRECT,,0 min. 4 sec.
539,Untagged,adrenal,adrenal,CORRECT,,0 min. 7 sec.
540,Untagged,hispid,hispid,CORRECT,,0 min. 4 sec.
541,Untagged,caracole,carricole,INCORRECT,,0 min. 8 sec.
542,Untagged,clientele,clientele,CORRECT,,0 min. 6 sec.
543,Untagged,cesspool,cesspool,CORRECT,,0 min. 5 sec.
544,Untagged,protean,protean,CORRECT,,0 min. 4 sec.
545,Untagged,chapeau,chapeau,CORRECT,,0 min. 4 sec.
546,Untagged,turret,turret,CORRECT,,0 min. 4 sec.
547,Untagged,simony,simony,CORRECT,,0 min. 4 sec.
548,Untagged,opacity,opacity,CORRECT,,0 min. 5 sec.
549,Untagged,reincarnation,recarnation,INCORRECT,,0 min. 5 sec.
550,Untagged,narcissistic,narcissistic,CORRECT,,0 min. 6 sec.
551,Untagged,locarno,locarno,CORRECT,,0 min. 48 sec.
552,Untagged,emissary,emissary,CORRECT,,0 min. 7 sec.
553,Untagged,artichoke,artichoke,CORRECT,,0 min. 5 sec.
554,Untagged,detritus,detritus,CORRECT,,0 min. 3 sec.
555,Untagged,stalwart,stalwart,CORRECT,,0 min. 4 sec.
556,Untagged,subtrahend,subtrahend,CORRECT,,0 min. 6 sec.
557,Untagged,tippet,tippet,CORRECT,,0 min. 5 sec.
558,Untagged,gustatory,gustatory,CORRECT,,0 min. 4 sec.
559,Untagged,kestrel,kestrel,CORRECT,,0 min. 4 sec.
560,Untagged,haiku,haiku,CORRECT,,0 min. 4 sec.
561,Untagged,fenestra,fenestra,CORRECT,,0 min. 4 sec.
562,Untagged,debacle,debacle,CORRECT,,0 min. 5 sec.
563,Untagged,rictus,rictus,CORRECT,,0 min. 4 sec.
564,Untagged,mesoscale,mesoscale,CORRECT,,1 min. 7 sec.
565,Untagged,metamorphosis,metamorphosis,CORRECT,,0 min. 4 sec.
566,Untagged,lumen,lumen,CORRECT,,0 min. 3 sec.
567,Untagged,sconce,sconce,CORRECT,,0 min. 4 sec.
568,Untagged,rapport,rapport,CORRECT,,0 min. 4 sec.
569,Untagged,viaduct,viaduct,CORRECT,,0 min. 5 sec.
570,Untagged,succumb,succumb,CORRECT,,0 min. 5 sec.
571,Untagged,albedo,albedo,CORRECT,,0 min. 4 sec.
572,Untagged,stroganoff,stroganoff,CORRECT,,0 min. 5 sec.
573,Untagged,dionysian,dianesian,INCORRECT,,0 min. 5 sec.
574,Untagged,chutney,chutney,CORRECT,,0 min. 5 sec.
575,Untagged,cirrhosis,cyrrhosis,INCORRECT,,0 min. 6 sec.
576,Untagged,citadel,citadel,CORRECT,,0 min. 6 sec.
577,Untagged,feudal,feudal,CORRECT,,0 min. 4 sec.
578,Untagged,taiga,taiga,CORRECT,,0 min. 4 sec.
579,Untagged,academia,academia,CORRECT,,0 min. 4 sec.
580,Untagged,spelunking,spelunking,CORRECT,,0 min. 5 sec.
581,Untagged,jejune,jejune,CORRECT,,16 min. 8 sec.
582,Untagged,verbally,verbally,CORRECT,,0 min. 4 sec.
583,Untagged,coupe,coup,INCORRECT,,0 min. 4 sec.
584,Untagged,mesozoic,mesozoic,CORRECT,,0 min. 5 sec.
585,Untagged,dissident,dissident,CORRECT,,0 min. 4 sec.
586,Untagged,incendiary,insendiary,INCORRECT,,0 min. 5 sec.
587,Untagged,axel,axle,INCORRECT,,0 min. 7 sec.
588,Untagged,auk,auk,CORRECT,,0 min. 8 sec.
589,Untagged,scut,scut,CORRECT,,0 min. 3 sec.
590,Untagged,declamatory,declamatory,CORRECT,,0 min. 6 sec.
591,Untagged,baleen,baleen,CORRECT,,0 min. 4 sec.
592,Untagged,synonymy,synonymy,CORRECT,,0 min. 4 sec.
593,Untagged,wagnerian,wagnerian,CORRECT,,0 min. 5 sec.
594,Untagged,vassalage,vascillage,INCORRECT,,0 min. 5 sec.
595,Untagged,arenicolous,arenicolous,CORRECT,,0 min. 7 sec.
596,Untagged,hemosiderosis,hemociterosis,INCORRECT,,0 min. 7 sec.
597,Untagged,rotunda,rotunda,CORRECT,,0 min. 6 sec.
598,Untagged,ruminant,rheuminant,INCORRECT,,0 min. 6 sec.
599,Untagged,psychodrama,psychodrama,CORRECT,,0 min. 6 sec.
600,Untagged,cornucopia,cornucopia,CORRECT,,0 min. 8 sec.
601,Untagged,glucocorticoid,glucocorticoid,CORRECT,,0 min. 5 sec.
602,Untagged,pettifogger,pettifogger,CORRECT,,0 min. 4 sec.
603,Untagged,gambol,gambol,CORRECT,,0 min. 4 sec.
604,Untagged,lurid,lurid,CORRECT,,0 min. 4 sec.
605,Untagged,fulgurant,fulgurant,CORRECT,,0 min. 4 sec.
606,Untagged,terrene,terrene,CORRECT,,0 min. 3 sec.
607,Untagged,mourning,morning,INCORRECT,,0 min. 5 sec.
608,Untagged,amygdala,amygdala,CORRECT,,0 min. 4 sec.
609,Untagged,redivivus,redivivus,CORRECT,,0 min. 6 sec.
610,Untagged,fortis,fortis,CORRECT,,0 min. 3 sec.
611,Untagged,suffuse,suffuse,CORRECT,,0 min. 5 sec.
612,Untagged,vigilante,vigilante,CORRECT,,0 min. 6 sec.
613,Untagged,paseo,paseo,CORRECT,,0 min. 5 sec.
614,Untagged,mummery,mummery,CORRECT,,0 min. 5 sec.
615,Untagged,anthropology,anthropology,CORRECT,,0 min. 4 sec.
616,Untagged,syrinx,cyrinx,INCORRECT,,0 min. 6 sec.
617,Untagged,virid,verid,INCORRECT,,0 min. 4 sec.
618,Untagged,simile,simile,CORRECT,,0 min. 4 sec.
619,Untagged,fennel,fennel,CORRECT,,0 min. 4 sec.
620,Untagged,reliquiae,reliquae,INCORRECT,,0 min. 6 sec.
621,Untagged,univalent,univalent,CORRECT,,0 min. 5 sec.
622,Untagged,crescendo,crescendo,CORRECT,,0 min. 4 sec.
623,Untagged,pathology,pathology,CORRECT,,0 min. 5 sec.
624,Untagged,perigee,parogy,INCORRECT,,0 min. 4 sec.
625,Untagged,verbena,verbena,CORRECT,,0 min. 15 sec.
626,Untagged,primogeniture,primogeniture,CORRECT,,0 min. 6 sec.
627,Untagged,passim,pasim,INCORRECT,,0 min. 11 sec.
628,Untagged,phenomenon,phenomenon,CORRECT,,0 min. 5 sec.
629,Untagged,caramelize,carmelize,INCORRECT,,0 min. 5 sec.
630,Untagged,odium,odium,CORRECT,,0 min. 4 sec.
631,Untagged,masticate,mastochate,INCORRECT,,0 min. 4 sec.
632,Untagged,heterogeneity,heterogeneity,CORRECT,,0 min. 6 sec.
633,Untagged,ecru,ecru,CORRECT,,0 min. 4 sec.
634,Untagged,cooper,cooper,CORRECT,,0 min. 4 sec.
635,Untagged,neuralgia,neuralgia,CORRECT,,0 min. 5 sec.
636,Untagged,audacious,audacious,CORRECT,,0 min. 3 sec.
637,Untagged,aphasia,aphasia,CORRECT,,0 min. 5 sec.
638,Untagged,irrepressible,irrepressible,CORRECT,,0 min. 6 sec.
639,Untagged,palmyra,palmyra,CORRECT,,0 min. 5 sec.
640,Untagged,idem,idem,CORRECT,,0 min. 4 sec.
641,Untagged,uncouth,uncouth,CORRECT,,0 min. 4 sec.
642,Untagged,chromic,chromic,CORRECT,,0 min. 4 sec.
643,Untagged,marionette,marionnette,INCORRECT,,0 min. 6 sec.
644,Untagged,unutterable,unutterable,CORRECT,,0 min. 5 sec.
645,Untagged,respite,respite,CORRECT,,0 min. 4 sec.
646,Untagged,postnuptial,postnuptial,CORRECT,,0 min. 5 sec.
647,Untagged,fastidious,fastidious,CORRECT,,0 min. 5 sec.
648,Untagged,origami,origami,CORRECT,,0 min. 5 sec.
649,Untagged,combust,combust,CORRECT,,0 min. 3 sec.
650,Untagged,colugo,collugo,INCORRECT,,0 min. 4 sec.
651,Untagged,gulag,gulag,CORRECT,,0 min. 5 sec.
652,Untagged,baroque,baroque,CORRECT,,0 min. 5 sec.
653,Untagged,kitsch,kitsch,CORRECT,,0 min. 5 sec.
654,Untagged,inguinal,inguinal,CORRECT,,0 min. 4 sec.
655,Untagged,limerick,limerick,CORRECT,,0 min. 4 sec.
656,Untagged,commemorate,commemorate,CORRECT,,0 min. 4 sec.
657,Untagged,cancellous,cancellous,CORRECT,,0 min. 4 sec.
658,Untagged,fleabane,fleabane,CORRECT,,0 min. 6 sec.
659,Untagged,pharisaical,farisaical,INCORRECT,,0 min. 5 sec.
660,Untagged,destine,destine,CORRECT,,0 min. 4 sec.
661,Untagged,neuston,neuston,CORRECT,,0 min. 5 sec.
662,Untagged,sigil,sigil,CORRECT,,0 min. 4 sec.
663,Untagged,brocade,brocade,CORRECT,,0 min. 5 sec.
664,Untagged,follicle,follicle,CORRECT,,0 min. 4 sec.
665,Untagged,vulnerable,vulnerable,CORRECT,,0 min. 5 sec.
666,Untagged,azalea,azalea,CORRECT,,0 min. 4 sec.
667,Untagged,fathom,fathom,CORRECT,,0 min. 5 sec.
668,Untagged,palfrey,palfry,INCORRECT,,0 min. 5 sec.
669,Untagged,freudian,freudian,CORRECT,,0 min. 5 sec.
670,Untagged,ostentation,ostentation,CORRECT,,0 min. 5 sec.
671,Untagged,minim,minim,CORRECT,,0 min. 4 sec.
672,Untagged,gerrymander,gerrymander,CORRECT,,0 min. 5 sec.
673,Untagged,capillary,capillary,CORRECT,,0 min. 5 sec.
674,Untagged,obliterate,obliterate,CORRECT,,0 min. 3 sec.
675,Untagged,obsequious,obsequious,CORRECT,,0 min. 5 sec.
676,Untagged,rood,rood,CORRECT,,0 min. 4 sec.
677,Untagged,thallophyte,phalophyte,INCORRECT,,0 min. 7 sec.
678,Untagged,incisive,incisive,CORRECT,,0 min. 4 sec.
679,Untagged,neoprene,neoprene,CORRECT,,0 min. 3 sec.
680,Untagged,pantheon,pantheon,CORRECT,,0 min. 5 sec.
681,Untagged,lutz,lutz,CORRECT,,0 min. 5 sec.
682,Untagged,badminton,badminton,CORRECT,,0 min. 6 sec.
683,Untagged,anon,anon,CORRECT,,0 min. 5 sec.
684,Untagged,toxicosis,toxiccosis,INCORRECT,,0 min. 4 sec.
685,Untagged,infra,infra,CORRECT,,0 min. 4 sec.
686,Untagged,philately,philately,CORRECT,,0 min. 4 sec.
687,Untagged,numismatics,numismatics,CORRECT,,0 min. 5 sec.
688,Untagged,repetition,repetition,CORRECT,,0 min. 4 sec.
689,Untagged,crumpet,crumpet,CORRECT,,0 min. 4 sec.
690,Untagged,consul,consul,CORRECT,,0 min. 3 sec.
691,Untagged,oblique,oblique,CORRECT,,0 min. 5 sec.
692,Untagged,adobo,adobo,CORRECT,,0 min. 4 sec.
693,Untagged,parry,perry,INCORRECT,,0 min. 5 sec.
694,Untagged,acclamation,acclamation,CORRECT,,0 min. 5 sec.
695,Untagged,unaccountable,unaccountable,CORRECT,,0 min. 5 sec.
696,Untagged,finial,fineal,INCORRECT,,0 min. 7 sec.
697,Untagged,juniper,juniper,CORRECT,,0 min. 4 sec.
698,Untagged,mesomorph,mesomorph,CORRECT,,0 min. 5 sec.
699,Untagged,cacography,cacography,CORRECT,,0 min. 5 sec.
700,Untagged,boudoir,boudoir,CORRECT,,0 min. 4 sec.
701,Untagged,luscious,luscious,CORRECT,,0 min. 5 sec.
702,Untagged,ikebana,ikebana,CORRECT,,0 min. 4 sec.
703,Untagged,acolyte,acolyte,CORRECT,,0 min. 5 sec.
704,Untagged,gerent,gerund,INCORRECT,,0 min. 6 sec.
705,Untagged,excelsior,excelsior,CORRECT,,0 min. 5 sec.
706,Untagged,calcitonin,calcitonin,CORRECT,,0 min. 5 sec.
707,Untagged,regina,regina,CORRECT,,0 min. 5 sec.
708,Untagged,stollen,stollen,CORRECT,,0 min. 4 sec.
709,Untagged,niobium,niobium,CORRECT,,0 min. 4 sec.
710,Untagged,cobalt,cobalt,CORRECT,,0 min. 4 sec.
711,Untagged,passel,passal,INCORRECT,,0 min. 4 sec.
712,Untagged,malice,malice,CORRECT,,0 min. 4 sec.
713,Untagged,mayonnaise,mayonnaise,CORRECT,,0 min. 4 sec.
714,Untagged,bunyanesque,bunyanesque,CORRECT,,0 min. 9 sec.
715,Untagged,uxorious,uxorious,CORRECT,,0 min. 4 sec.
716,Untagged,umber,umber,CORRECT,,0 min. 4 sec.
717,Untagged,harbinger,harbinger,CORRECT,,0 min. 3 sec.
718,Untagged,benefactor,benefactor,CORRECT,,0 min. 7 sec.
719,Untagged,isolationism,isolationism,CORRECT,,0 min. 5 sec.
720,Untagged,cynosure,cynosure,CORRECT,,0 min. 3 sec.
721,Untagged,alpaca,alpaca,CORRECT,,0 min. 4 sec.
722,Untagged,terrazzo,terrazzo,CORRECT,,0 min. 5 sec.
723,Untagged,cassandra,cassanndra,INCORRECT,,0 min. 8 sec.
724,Untagged,shigellosis,shigellosis,CORRECT,,0 min. 4 sec.
725,Untagged,cowl,cowl,CORRECT,,0 min. 4 sec.
726,Untagged,televangelist,televangelist,CORRECT,,0 min. 4 sec.
727,Untagged,lavatory,lavatory,CORRECT,,0 min. 8 sec.
728,Untagged,insignia,insignia,CORRECT,,0 min. 4 sec.
729,Untagged,ellipse,ellipse,CORRECT,,0 min. 4 sec.
730,Untagged,buccal,buccal,CORRECT,,0 min. 3 sec.
731,Untagged,antebellum,antebellum,CORRECT,,0 min. 6 sec.
732,Untagged,disproportionate,disproportionate,CORRECT,,0 min. 5 sec.
733,Untagged,graupel,graupel,CORRECT,,0 min. 5 sec.
734,Untagged,glycogen,glycogen,CORRECT,,0 min. 4 sec.
735,Untagged,enervate,enervate,CORRECT,,0 min. 4 sec.
736,Untagged,gender,gender,CORRECT,,0 min. 4 sec.
737,Untagged,frisian,freesian,INCORRECT,,0 min. 4 sec.
738,Untagged,nepenthe,nepenthe,CORRECT,,0 min. 5 sec.
739,Untagged,tinea,tinia,INCORRECT,,0 min. 3 sec.
740,Untagged,sculpin,sculpen,INCORRECT,,0 min. 4 sec.
741,Untagged,forfeit,forfeit,CORRECT,,0 min. 4 sec.
742,Untagged,whodunit,whodunit,CORRECT,,0 min. 5 sec.
743,Untagged,agglomerate,agglomerate,CORRECT,,0 min. 6 sec.
744,Untagged,vanadium,vanadium,CORRECT,,0 min. 4 sec.
745,Untagged,proximo,proximo,CORRECT,,0 min. 4 sec.
746,Untagged,loathe,loathe,CORRECT,,0 min. 6 sec.
747,Untagged,compunction,compunction,CORRECT,,0 min. 12 sec.
748,Untagged,edentulous,edentulous,CORRECT,,0 min. 7 sec.
749,Untagged,symposium,symposium,CORRECT,,0 min. 5 sec.
750,Untagged,presbyterian,presbyterian,CORRECT,,0 min. 5 sec.
751,Untagged,chorus,chorus ,INCORRECT,,0 min. 4 sec.
752,Untagged,euphonious,euphonious,CORRECT,,0 min. 4 sec.
753,Untagged,didactic,didactic,CORRECT,,0 min. 5 sec.
754,Untagged,solder,solder,CORRECT,,0 min. 3 sec.
755,Untagged,synoptic,synoptic,CORRECT,,0 min. 4 sec.
756,Untagged,majordomo,majordomo,CORRECT,,0 min. 5 sec.
757,Untagged,cationic,cationic,CORRECT,,0 min. 4 sec.
758,Untagged,puritanical,puritanical,CORRECT,,0 min. 5 sec.
759,Untagged,prerogative,prerogative,CORRECT,,0 min. 6 sec.
760,Untagged,rostrum,rostrum,CORRECT,,0 min. 5 sec.
761,Untagged,girandole,girandole,CORRECT,,0 min. 4 sec.
762,Untagged,ohm,ohm,CORRECT,,0 min. 4 sec.
763,Untagged,palatine,palatine,CORRECT,,0 min. 4 sec.
764,Untagged,melodrama,melodrama,CORRECT,,0 min. 3 sec.
765,Untagged,collywobbles,collywobbles,CORRECT,,0 min. 5 sec.
766,Untagged,mantra,mantra,CORRECT,,0 min. 7 sec.
767,Untagged,synapse,synapse,CORRECT,,0 min. 5 sec.
768,Untagged,sultanate,sultanate,CORRECT,,0 min. 4 sec.
769,Untagged,lecithin,lecithin,CORRECT,,0 min. 4 sec.
770,Untagged,plantigrade,plantigrade,CORRECT,,0 min. 4 sec.
771,Untagged,leishmaniasis,leichmaniasis,INCORRECT,,0 min. 7 sec.
772,Untagged,toxicology,toxicology,CORRECT,,0 min. 5 sec.
773,Untagged,pegasus,pegasus,CORRECT,,0 min. 3 sec.
774,Untagged,wapiti,wapiti,CORRECT,,0 min. 4 sec.
775,Untagged,barbiturate,barbiturate,CORRECT,,0 min. 6 sec.
776,Untagged,bilharziasis,bilharziasis,CORRECT,,0 min. 6 sec.
777,Untagged,imprimis,imprimus,INCORRECT,,0 min. 3 sec.
778,Untagged,connatural,connatural,CORRECT,,0 min. 4 sec.
779,Untagged,ludicrous,ludicrous,CORRECT,,0 min. 5 sec.
780,Untagged,scherzo,scherzo,CORRECT,,0 min. 5 sec.
781,Untagged,auxiliary,auxiliary,CORRECT,,0 min. 7 sec.
782,Untagged,hennery,hennery,CORRECT,,0 min. 3 sec.
783,Untagged,molecular,molecular,CORRECT,,0 min. 4 sec.
784,Untagged,tectonic,tectonic,CORRECT,,0 min. 4 sec.
785,Untagged,genuflect,genuflect,CORRECT,,0 min. 4 sec.
786,Untagged,collocate,collocate,CORRECT,,0 min. 3 sec.
787,Untagged,bratwurst,collocate,INCORRECT,,0 min. 6 sec.
788,Untagged,dissolute,dissolute,CORRECT,,0 min. 4 sec.
789,Untagged,verboten,verboten,CORRECT,,0 min. 4 sec.
790,Untagged,onium,onium,CORRECT,,0 min. 10 sec.
791,Untagged,auctioneer,auctioneer,CORRECT,,0 min. 4 sec.
792,Untagged,collage,collage,CORRECT,,0 min. 7 sec.
793,Untagged,execrable,execrable,CORRECT,,0 min. 3 sec.
794,Untagged,deliberate,deliberate,CORRECT,,0 min. 4 sec.
795,Untagged,farad,farad,CORRECT,,0 min. 3 sec.
796,Untagged,solicit,solicit,CORRECT,,0 min. 4 sec.
797,Untagged,vasculature,vasculature,CORRECT,,0 min. 5 sec.
798,Untagged,oyster,oyster,CORRECT,,0 min. 4 sec.
799,Untagged,sphinx,sphinx,CORRECT,,0 min. 4 sec.
800,Untagged,ratel,radal,INCORRECT,,0 min. 9 sec.
